Workbook

Sheet Portada
A1: 1. ANTECEDENTES DE LA EMPRESA | F1: N° de Puestos | G1: Evaluados | H1: Pendientes
A2: Razón Social | B2: PLANTA FAENADORA LO MIRANDA | C2: RUT Empresa | D2: 78.408.440-K | F2: =COUNTIF(Datos!B:B,"Procesos") -> 0 | G2: =COUNTIF(Datos!T:T,"SI") -> 115 | H2: =COUNTIF(Datos!T:T,"NO") -> 0
A3: Actividad Económica | B3: Explotación de mataderos de aves y de otros tipos de animales n.c.p. | C3: Código CIIU
A4: Dirección | B4: Carretera H-30 3814 | C4: Comuna | D4: Doñihue
A5: Nombre Representante Legal | B5: Maximiliano Nuñez
A6: Organismo administrador al que está adherido | B6: INSTITUTO SALUD DEL TRABAJADOR | C6: Fecha inicio | D6: 45402
A7: 2.- CENTRO DE TRABAJO O LUGAR DE TRABAJO
A8: Nombre del centro de trabajo | B8: Planta Lo Miranda | C8: Nº de trabajadores centro de trabajo
A9: Dirección | B9: Carretera H-30 3814 | C9: Hombres
A10: Comuna | B10: Doñihue | C10: Mujeres
A11: 3.- RESPONSABLE IMPLEMENTACIÓN PROTOCOLO
A12: Nombre responsable | B12: MARIANELA TORREALBA GUERRA | C12: Teléfono | D12: 722312747
A13: Cargo | B13: SUPERVISORA DE ACTIVIDADES ERGONOMICAS
A14: Correo electrónico | B14: mtorrealbag@agrosuper.com

Sheet Datos
A1: N° | B1: Área de trabajo | C1: Puesto de trabajo | D1: Tareas del puesto de trabajo | E1: Descripción de la tarea | F1: Horario de funcionamiento | G1: Horas extras POR DIA | H1: Horas extras POR SEMANA | I1: N° Trabajadores Expuestos HOMBRE | J1: N° Trabajadores Expuestos MUJER | K1: Tipo de contrato | L1: Tipo de remuneración | M1: Duración (min) | N1: Pausas de Trabajo | O1: Rotación de tarea | P1: Equipos y Herramienta | Q1: Características de los ambientes y espacios de trabajo (Espacios, barreras arquitectónicas, flujo de tránsito) | R1: Características y disposición espacial del puesto de trabajo (Ubicación de los elementos de trabajo, disposición física del espacio de trabajo) | S1: Características y herramientas utilizadas (Descripción de equipos, herramientas utilizadas, herramientas vibrantes, uso de EPP) | T1: Evaluacion SI/NO
A2: 1 | B2: Congelado | C2: Operador sala de cajas | D2: Armado de cajas (tapa Vetado) | E2: Colaborador posicionado frente al meson con ambas manos toma caja desarmada, para plegar y manipular cartón, armando la caja | F2: Am 07:40 a 15:30 Pm 18:10 a 03:30 | G2: 1 | H2: 6 | I2: 11 | J2: 5 | K2: Indefinido | L2: Fija | M2: 484 | N2: 85 min | O2: SI | P2: NO | Q2: Espacio reducido | R2: Meson Frente a colaborador cajas al costado | S2: Slack, Guantes, casco, zapatos | T2: SI
A3: 2 | B3: Congelado | C3: Operador sala de cajas | D3: Armado de cajas (fondo Vetado) | E3: Colaborador posicionado frente al meson toma caja desarmada y la arma con ambas manos | F3: Am 07:40 a 15:30 Pm 18:10 a 03:31 | G3: 1 | H3: 6 | I3: 11 | J3: 5 | K3: Indefinido | L3: Fija | M3: 484 | N3: 85 min | O3: SI | P3: NO | Q3: Espacio reducido | R3: Meson Frente a colaborador cajas al costado | S3: Slack, Guantes, casco, zapatos | T3: SI
A4: 3 | B4: Congelado | C4: Operador sala de cajas | D4: Armado de cajas (Tapa Mloin) | E4: Colaborador posicionado frente al meson con ambas manos toma caja desarmada, para plegar y manipular cartón, armando la caja | F4: Am 07:40 a 15:30 Pm 18:10 a 03:32 | G4: 1 | H4: 6 | I4: 11 | J4: 5 | K4: Indefinido | L4: Fija | M4: 484 | N4: 85 min | O4: SI | P4: NO | Q4: Espacio reducido | R4: Meson Frente a colaborador cajas al costado | S4: Slack, Guantes, casco, zapatos | T4: SI
A5: 4 | B5: Congelado | C5: Operador sala de cajas | D5: Armado de cajas (Fondo Mloin) | E5: Colaborador posicionado frente al meson con ambas manos toma caja desarmada, para plegar y manipular cartón, armando la caja | F5: Am 07:40 a 15:30 Pm 18:10 a 03:33 | G5: 1 | H5: 6 | I5: 11 | J5: 5 | K5: Indefinido | L5: Fija | M5: 484 | N5: 85 min | O5: SI | P5: NO | Q5: Espacio reducido | R5: Meson Frente a colaborador cajas al costado | S5: Slack, Guantes, casco, zapatos | T5: SI
A6: 5 | B6: Congelado | C6: Operador sala de cajas | D6: Armado de Cajas Tapa Panceta | E6: Colaborador posicionado frente al meson con ambas manos toma caja desarmada, para plegar y manipular cartón, armando la caja | F6: Am 07:40 a 15:30 Pm 18:10 a 03:34 | G6: 1 | H6: 6 | I6: 11 | J6: 5 | K6: Indefinido | L6: Fija | M6: 484 | N6: 85 min | O6: SI | P6: NO | Q6: Espacio reducido | R6: Meson Frente a colaborador cajas al costado | S6: Slack, Guantes, casco, zapatos | T6: SI
A7: 6 | B7: Congelado | C7: Operador sala de cajas | D7: Armado Caja Fondo Panceta | E7: Colaborador posicionado frente al meson con ambas manos toma caja desarmada, para plegar y manipular cartón, armando la caja | F7: Am 07:40 a 15:30 Pm 18:10 a 03:35 | G7: 1 | H7: 6 | I7: 11 | J7: 5 | K7: Indefinido | L7: Fija | M7: 484 | N7: 85 min | O7: SI | P7: NO | Q7: Espacio reducido | R7: Meson Frente a colaborador cajas al costado | S7: Slack, Guantes, casco, zapatos | T7: SI
A8: 7 | B8: Congelado | C8: Operador sala de cajas | D8: Armado de cajas (Tapa Filete) | E8: Colaborador posicionado frente al meson con ambas manos toma caja desarmada, para plegar y manipular cartón, armando la caja | F8: Am 07:40 a 15:30 Pm 18:10 a 03:36 | G8: 1 | H8: 6 | I8: 11 | J8: 5 | K8: Indefinido | L8: Fija | M8: 484 | N8: 85 min | O8: SI | P8: NO | Q8: Espacio reducido | R8: Meson Frente a colaborador cajas al costado | S8: Slack, Guantes, casco, zapatos | T8: SI
A9: 8 | B9: Congelado | C9: Operador sala de cajas | D9: Armado de cajas (Fondo Filete) | E9: Colaborador posicionado frente al meson con ambas manos toma caja desarmada, para plegar y manipular cartón, armando la caja | F9: Am 07:40 a 15:30 Pm 18:10 a 03:37 | G9: 1 | H9: 6 | I9: 11 | J9: 5 | K9: Indefinido | L9: Fija | M9: 484 | N9: 85 min | O9: SI | P9: NO | Q9: Espacio reducido | R9: Meson Frente a colaborador cajas al costado | S9: Slack, Guantes, casco, zapatos | T9: SI
A10: 9 | B10: Congelado | C10: Operador sala de cajas | D10: Armado de cajas (Fondo Filete) | E10: Colaborador posicionado frente al meson con ambas manos toma caja desarmada, para plegar y manipular cartón, armando la caja | F10: Am 07:40 a 15:30 Pm 18:10 a 03:38 | G10: 1 | H10: 6 | I10: 11 | J10: 5 | K10: Indefinido | L10: Fija | M10: 484 | N10: 85 min | O10: SI | P10: NO | Q10: Espacio reducido | R10: Meson Frente a colaborador cajas al costado | S10: Slack, Guantes, casco, zapatos | T10: SI
A11: 10 | B11: Congelado | C11: Operador sala de cajas | D11: Recibir Fondos y tapas | E11: Colaborador recibe caja armada desde maquina, las apila y las ordena en la sala | F11: Am 07:40 a 15:30 Pm 18:10 a 03:39 | G11: 1 | H11: 6 | I11: 11 | J11: 5 | K11: Indefinido | L11: Fija | M11: 484 | N11: 85 min | O11: SI | P11: NO | Q11: Espacio reducido | R11: Meson Frente a colaborador cajas al costado | S11: Slack, Guantes, casco, zapatos | T11: SI
A12: 11 | B12: Congelado | C12: Operador sala de cajas | D12: Colgar Fondos y Tapas | E12: Colaborador toma caja desde meson y cuelga en cinta aerea | F12: Am 07:40 a 15:30 Pm 18:10 a 03:40 | G12: 1 | H12: 6 | I12: 11 | J12: 5 | K12: Indefinido | L12: Fija | M12: 484 | N12: 85 min | O12: SI | P12: NO | Q12: Espacio reducido | R12: Meson Frente a colaborador cajas al costado | S12: Slack, Guantes, casco, zapatos | T12: SI
A13: 12 | B13: Congelado | C13: Operador sala Congelado | D13: Calibrar | E13: Colabortador toma la bandejas con producto que viene desde la cinta frente a el, posiciona la bandeja en estructura volteador, voltea producto con bolsa con ambas manos a caja que se encuentra en meson, pesa producto, luego cierra bolsa y con ambas manos empuja caja para evacuar a la cinta. | F13: Am 07:40 a 15:30 Pm 18:10 a 03:30 | G13: 1 | H13: 6 | I13: 24 | J13: 0 | K13: Indefinido | L13: Fija | M13: 484 | N13: 85 min | O13: SI | P13: NO | Q13: Sin obstáculos físicos o estructurales que limiten al colaborador. No hay circulación de personas y objetos en el espacio de trabajo. | R13: Espacio de trabajo frente a colaborador, cajas en la cinta que pasa por debajo del meson de trabajo y bandejas frente al colaborador | S13: Slack, Guantes, casco, botas | T13: SI
... A16: 15 | B16: Congelado | C16: Operador sala Congelado | D16: Etiquetar | E16: Colaborador pone etiqueta en caja que va sobre la cinta en movimiento | F16: Am 07:40 a 15:30 Pm 18:10 a 03:30 | G16: 1 | H16: 6 | I16: 8 | J16: 0 | K16: Indefinido | L16: Fija | M16: 484 | N16: 85 min | O16: SI | P16: NO | Q16: Sin obstáculos físicos o estructurales que limiten al colaborador. No hay circulación de personas y objetos en el espacio de trabajo. | R16: Espacio de trabjo frente al colaborador | S16: Slack, Guantes, casco, botas | T16: SI
A17: 16 | B17: Congelado | C17: Operador sala Congelado | D17: Direccionar Producto (Mal Enviado) | E17: Colaboradopr toma bandeja que va sobre la cinta y la direcciona de acuerdo al producto | F17: Am 07:40 a 15:30 Pm 18:10 a 03:30 | G17: 1 | H17: 6 | I17: 2 | J17: 0 | K17: Indefinido | L17: Fija | M17: 484 | N17: 85 min | O17: SI | P17: NO | Q17: Sin obstáculos físicos o estructurales que limiten al colaborador. No hay circulación de personas y objetos en el espacio de trabajo. | S17: Slack, Guantes, casco, botas | T17: SI
A18: 17 | B18: Congelado | C18: Operador sala Congelado | D18: Voltear Producto (Volteador) | E18: Colaborador presiona botonera de volteador para sacar producto del bins y alimentar la línera de embalado | F18: Am 07:40 a 15:30 Pm 18:10 a 03:30 | G18: 1 | H18: 6 | I18: 2 | J18: 0 | K18: Indefinido | L18: Fija | M18: 484 | N18: 85 min | O18: SI | P18: NO | Q18: Sin obstáculos físicos o estructurales que limiten al colaborador. No hay circulación de personas y objetos en el espacio de trabajo. | S18: Slack, Guantes, casco, botas | T18: SI
A19: 18 | B19: Congelado | C19: Operador sala Congelado | D19: Embalar Vetado | E19: Colaborador toma producto que va en la cinta en movimiento frente al él y la deposita en caja que se encuentra sobre el mesón, cierra la bolsa y la empuja a la cinta de evacuación que se encuntra al frente | F19: Am 07:40 a 15:30 Pm 18:10 a 03:30 | G19: 1 | H19: 6 | I19: 0 | J19: 12 | K19: Indefinido | L19: Fija | M19: 484 | N19: 85 min | O19: SI | P19: NO | Q19: Sin obstáculos físicos o estructurales que limiten al colaborador. No hay circulación de personas y objetos en el espacio de trabajo. | R19: Meson Frente a colaborador cajas al costado | S19: Slack, Guantes, casco, botas | T19: SI
A20: 19 | B20: Congelado | C20: Operador sala Congelado | D20: Embalar Panceta | E20: Colaborador toma producto que va en la cinta en movimiento frente al él y la deposita en caja que se encuentra sobre el mesón, cierra la bolsa y la empuja a la cinta de evacuación que se encuntra al frente | F20: Am 07:40 a 15:30 Pm 18:10 a 03:30 | G20: 1 | H20: 6 | I20: 0 | J20: 12 | K20: Indefinido | L20: Fija | M20: 484 | N20: 85 min | O20: SI | P20: NO | Q20: Sin obstáculos físicos o estructurales que limiten al colaborador. No hay circulación de personas y objetos en el espacio de trabajo. | S20: Slack, Guantes, casco, botas | T20: SI
A21: 20 | B21: Congelado | C21: Operador sala Congelado | D21: Embalar Filete | E21: Colaborador toma producto que va en la cinta en movimiento frente al él y la deposita en caja que se encuentra sobre el mesón, cierra la bolsa y la empuja a la cinta de evacuación que se encuntra al frente | F21: Am 07:40 a 15:30 Pm 18:10 a 03:30 | G21: 1 | H21: 6 | I21: 0 | J21: 12 | K21: Indefinido | L21: Fija | M21: 484 | N21: 85 min | O21: SI | P21: NO | Q21: Sin obstáculos físicos o estructurales que limiten al colaborador. No hay circulación de personas y objetos en el espacio de trabajo. | S21: Slack, Guantes, casco, botas | T21: SI
A22: 21 | B22: Congelado | C22: Operador sala Congelado | D22: Embalar Mloin | E22: Colaborador toma producto que va en la cinta en movimiento frente al él y la deposita en caja que se encuentra sobre el mesón, cierra la bolsa y la empuja a la cinta de evacuación que se encuntra al frente | F22: Am 07:40 a 15:30 Pm 18:10 a 03:30 | G22: 1 | H22: 6 | I22: 0 | J22: 12 | K22: Indefinido | L22: Fija | M22: 484 | N22: 85 min | O22: SI | P22: NO | Q22: Sin obstáculos físicos o estructurales que limiten al colaborador. No hay circulación de personas y objetos en el espacio de trabajo. | S22: Slack, Guantes, casco, botas | T22: SI
A23: 22 | B23: Congelado | C23: Operador sala Congelado | D23: Tapar Caja | E23: Colaborador Toma caja desde Línea aerea y tapa caja que va por cinta | F23: Am 07:40 a 15:30 Pm 18:10 a 03:30 | G23: 1 | H23: 6 | I23: 0 | J23: 4 | K23: Indefinido | L23: Fija | M23: 484 | N23: 85 min | O23: SI | P23: NO | Q23: Sin obstáculos físicos o estructurales que limiten al colaborador. No hay circulación de personas y objetos en el espacio de trabajo. | R23: Meson Frente a colaborador cajas al costado | S23: Slack, Guantes, casco, botas | T23: SI
A24: 23 | B24: Congelado | C24: Operador sala Congelado | D24: Despalletizar | E24: Colaborador toma caja desde pallet y deposita caja en otro pallet de acuerdo al tipo de producto o pedido | G24: 1 | H24: 6 | I24: 48 | J24: 0 | K24: Indefinido | L24: Fija | M24: 484 | N24: 85 min | O24: SI | P24: NO | Q24: Sin obstáculos físicos o estructurales que limiten al colaborador. No hay circulación de personas y objetos en el espacio de trabajo. | R24: Puesto de trabajo frente al colaborador | S24: Slack, Guantes, casco, botas | T24: SI
A25: 24 | B25: Congelado | C25: Operador sala Congelado | D25: Traspaleta | E25: Colaborador manipula la transpaleta para llevar pedido a ascensor | G25: 1 | H25: 6 | I25: 48 | J25: 0 | K25: Indefinido | L25: Fija | M25: 484 | N25: 85 min | O25: SI | P25: NO | Q25: Sin obstáculos físicos o estructurales que limiten al colaborador. No hay circulación de personas y objetos en el espacio de trabajo. | R25: Puesto de trabajo frente al colaborador | S25: Slack, Guantes, casco, botas | T25: SI
A26: 25 | B26: Desposte | C26: Operador de linea plancha | D26: Abastecer Maja | E26: Colaboradora toma producto de la cinta principal y la ubica en la Maja | F26: 06:30 14:50 / 17:30 a 02:50 | G26: 1 | H26: 6 | I26: 24 | J26: 3 | K26: Indefinido | L26: Fija | M26: 484 | N26: 85 min | O26: SI | P26: NO | Q26: Sin obstáculos físicos o estructurales que limiten al colaborador. No hay circulación de personas y objetos en el espacio de trabajo. | R26: Puesto de trabajo frente al colaborador | S26: Slack, Guantes, casco, botas | T26: SI
A27: 26 | B27: Desposte | C27: Operador de linea plancha | D27: Embalar Cuero | E27: Colaborador selecciona cuero y lo embala | F27: 06:30 14:50 / 17:30 a 02:50 | G27: 1 | H27: 6 | I27: 24 | J27: 3 | K27: Indefinido | L27: Fija | M27: 484 | N27: 85 min | O27: SI | P27: NO | Q27: Sin obstáculos físicos o estructurales que limiten al colaborador. No hay circulación de personas y objetos en el espacio de trabajo. | R27: Puesto de trabajo frente al colaborador | S27: Slack, Guantes, casco, botas | T27: SI
A28: 27 | B28: Desposte | C28: Operador de linea plancha | D28: Operador wizard | E28: Colaborador prolija producto con cuchillo circular wizard | F28: 06:30 14:50 / 17:30 a 02:50 | G28: 1 | H28: 6 | I28: 24 | J28: 3 | K28: Indefinido | L28: Fija | M28: 484 | N28: 85 min | O28: SI | P28: SI | Q28: Sin obstáculos físicos o estructurales que limiten al colaborador. No hay circulación de personas y objetos en el espacio de trabajo. | R28: Puesto de trabajo frente al colaborador | S28: Slack, Guantes, casco, botas | T28: SI
A29: 28 | B29: Desposte | C29: Operador de linea plancha | D29: Sacar Cartilago | E29: Colaborador retira cartilago con cuchillo manual | F29: 06:30 14:50 / 17:30 a 02:50 | G29: 1 | H29: 6 | I29: 24 | J29: 3 | K29: Indefinido | L29: Fija | M29: 484 | N29: 85 min | O29: SI | P29: NO | Q29: Sin obstáculos físicos o estructurales que limiten al colaborador. No hay circulación de personas y objetos en el espacio de trabajo. | R29: Puesto de trabajo frente al colaborador | S29: Slack, Guantes, casco, botas | T29: SI
A30: 29 | B30: Desposte | C30: Operador de linea plancha | D30: Prolijado Lomo tocino | E30: Colaborador saca grasa del producto con cuchillo | F30: 06:30 14:50 / 17:30 a 02:50 | G30: 1 | H30: 6 | I30: 24 | J30: 3 | K30: Indefinido | L30: Fija | M30: 484 | N30: 85 min | O30: SI | P30: NO | Q30: Sin obstáculos físicos o estructurales que limiten al colaborador. No hay circulación de personas y objetos en el espacio de trabajo. | R30: Puesto de trabajo frente al colaborador | S30: Slack, Guantes, casco, botas | T30: SI
A31: 30 | B31: Desposte | C31: Operador de linea plancha | D31: Seleccionador Cuero | E31: Colaborador Selecciona cuero y lo embala | F31: 06:30 14:50 / 17:30 a 02:50 | G31: 1 | H31: 6 | I31: 24 | J31: 3 | K31: Indefinido | L31: Fija | M31: 484 | N31: 85 min | O31: SI | P31: NO | Q31: Sin obstáculos físicos o estructurales que limiten al colaborador. No hay circulación de personas y objetos en el espacio de trabajo. | R31: Puesto de trabajo frente al colaborador | S31: Slack, Guantes, casco, botas | T31: SI
A32: 31 | B32: Desposte | C32: Operador de linea plancha | D32: Despunte Plancha | E32: Colaborador corta punta de plancha para cuadrar | F32: 06:30 14:50 / 17:30 a 02:50 | G32: 1 | H32: 6 | I32: 24 | J32: 3 | K32: Indefinido | L32: Fija | M32: 484 | N32: 85 min | O32: SI | P32: NO | Q32: Sin obstáculos físicos o estructurales que limiten al colaborador. No hay circulación de personas y objetos en el espacio de trabajo. | R32: Puesto de trabajo frente al colaborador | S32: Slack, Guantes, casco, botas | T32: SI
A33: 32 | B33: Desposte | C33: Operador de linea plancha | D33: Prolijado de Malaya | E33: Coilaborador saca grasa de la malaya con whizard | F33: 06:30 14:50 / 17:30 a 02:50 | G33: 1 | H33: 6 | I33: 24 | J33: 3 | K33: Indefinido | L33: Fija | M33: 484 | N33: 85 min | O33: SI | P33: SI | Q33: Sin obstáculos físicos o estructurales que limiten al colaborador. No hay circulación de personas y objetos en el espacio de trabajo. | R33: Puesto de trabajo frente al colaborador | S33: Slack, Guantes, casco, botas | T33: SI
A34: 33 | B34: Desposte | C34: Operador de linea plancha | D34: Calibrado Plancha | E34: Colaborador pesa producto para darle peso requerido | F34: 06:30 14:50 / 17:30 a 02:50 | G34: 1 | H34: 6 | I34: 24 | J34: 3 | K34: Indefinido | L34: Fija | M34: 484 | N34: 85 min | O34: SI | P34: NO | Q34: Sin obstáculos físicos o estructurales que limiten al colaborador. No hay circulación de personas y objetos en el espacio de trabajo. | R34: Puesto de trabajo frente al colaborador | S34: Slack, Guantes, casco, botas | T34: SI
A35: 34 | B35: Desposte | C35: Operador Línea Embolsado | D35: Embolsado Panceta | E35: Colaborador Toma la panceta desde la cinta y envuelve con plástico | F35: 06:30 14:50 / 17:30 a 02:50 | G35: 1 | H35: 6 | I35: 0 | J35: 50 | K35: Indefinido | L35: Fija | M35: 484 | N35: 85 min | O35: SI | P35: NO | Q35: Sin obstáculos físicos o estructurales que limiten al colaborador. No hay circulación de personas y objetos en el espacio de trabajo. | R35: Puesto de trabajo frente al colaborador | S35: Slack, Guantes, casco, botas | T35: SI
A36: 35 | B36: Desposte | C36: Operador Línea Embolsado | D36: Embolsado Lomo | E36: Colaborador Toma el lomo desde la cinta, mide con cintga y envuelve con plástico | F36: 06:30 14:50 / 17:30 a 02:50 | G36: 1 | H36: 6 | I36: 0 | J36: 50 | K36: Indefinido | L36: Fija | M36: 484 | N36: 85 min | O36: SI | P36: NO | Q36: Sin obstáculos físicos o estructurales que limiten al colaborador. No hay circulación de personas y objetos en el espacio de trabajo. | R36: Puesto de trabajo frente al colaborador | S36: Slack, Guantes, casco, botas | T36: SI
A37: 36 | B37: Desposte | C37: Operador Línea Embolsado | D37: Embolsado Vetados | E37: Colaborador Toma el lomo desde la cinta, lo pesa y envuelve con plástico | F37: 06:30 14:50 / 17:30 a 02:50 | G37: 1 | H37: 6 | I37: 0 | J37: 50 | K37: Indefinido | L37: Fija | M37: 484 | N37: 85 min | O37: SI | P37: NO | Q37: Sin obstáculos físicos o estructurales que limiten al colaborador. No hay circulación de personas y objetos en el espacio de trabajo. | R37: Puesto de trabajo frente al colaborador | S37: Slack, Guantes, casco, botas | T37: SI
... A59: 58 | B59: Desposte | C59: Operador Línea Costillar | D59: Cuadrar panceta | E59: Colaborador toma producto desde linea y abastece maquina para cuadar panceta | F59: 06:30 14:50 / 17:30 a 02:50 | G59: 1 | H59: 6 | I59: 38 | J59: 0 | K59: Indefinido | L59: Fija | M59: 484 | N59: 85 min | O59: SI | P59: NO | Q59: Sin obstáculos físicos o estructurales que limiten al colaborador. No hay circulación de personas y objetos en el espacio de trabajo. | R59: Puesto de trabajo frente al colaborador | S59: Slack, Guantes, casco, botas | T59: SI
A60: 59 | B60: Desposte | C60: Operador Línea Costillar | D60: Despunte Producto | F60: 06:30 14:50 / 17:30 a 02:50 | G60: 1 | H60: 6 | I60: 38 | J60: 0 | K60: Indefinido | L60: Fija | M60: 484 | N60: 85 min | O60: SI | P60: NO | Q60: Sin obstáculos físicos o estructurales que limiten al colaborador. No hay circulación de personas y objetos en el espacio de trabajo. | R60: Puesto de trabajo frente al colaborador | S60: Slack, Guantes, casco, botas | T60: SI
A61: 60 | B61: Desposte | C61: Operador Línea Costillar | D61: Prolijado Whizard (grasa) | E61: Colaborador extrae grada del producto con cuchillo whizard | F61: 06:30 14:50 / 17:30 a 02:50 | G61: 1 | H61: 6 | I61: 38 | J61: 0 | K61: Indefinido | L61: Fija | M61: 484 | N61: 85 min | O61: SI | P61: SI | Q61: Sin obstáculos físicos o estructurales que limiten al colaborador. No hay circulación de personas y objetos en el espacio de trabajo. | R61: Puesto de trabajo frente al colaborador | S61: Slack, Guantes, casco, botas | T61: SI
A62: 61 | B62: Desposte | C62: Operador Línea Costillar | D62: Calibrado | E62: Colaborador toma producto de cinta lo posicioa en pesa y calibra con cuchillo | F62: 06:30 14:50 / 17:30 a 02:50 | G62: 1 | H62: 6 | I62: 38 | J62: 0 | K62: Indefinido | L62: Fija | M62: 484 | N62: 85 min | O62: SI | P62: SI | Q62: Sin obstáculos físicos o estructurales que limiten al colaborador. No hay circulación de personas y objetos en el espacio de trabajo. | R62: Puesto de trabajo frente al colaborador | S62: Slack, Guantes, casco, botas | T62: SI
A63: 62 | B63: Desposte | C63: Operador Línea Costillar | D63: Cortado de Costillar | E63: Colaborador toma costilla de cinta y abastece maquina para cortarla | F63: 06:30 14:50 / 17:30 a 02:50 | G63: 1 | H63: 6 | I63: 38 | J63: 0 | K63: Indefinido | L63: Fija | M63: 484 | N63: 85 min | O63: SI | P63: NO | Q63: Sin obstáculos físicos o estructurales que limiten al colaborador. No hay circulación de personas y objetos en el espacio de trabajo. | R63: Puesto de trabajo frente al colaborador | S63: Slack, Guantes, casco, botas | T63: SI
A64: 63 | B64: Desposte | C64: Operador Línea Costillar | D64: Abastecer Línea | E64: Colaborador toma producto y abastece linea embolsado | F64: 06:30 14:50 / 17:30 a 02:50 | G64: 1 | H64: 6 | I64: 38 | J64: 0 | K64: Indefinido | L64: Fija | M64: 484 | N64: 85 min | O64: SI | P64: NO | Q64: Sin obstáculos físicos o estructurales que limiten al colaborador. No hay circulación de personas y objetos en el espacio de trabajo. | R64: Puesto de trabajo frente al colaborador | S64: Slack, Guantes, casco, botas | T64: SI
A65: 64 | B65: Desposte | C65: Operador Línea paleta | D65: Separación de Vetado | E65: Colaboradopr toma bandeja que va sobre la cinta y la direcciona de acuerdo al producto | F65: 06:30 14:50 / 17:30 a 02:50 | G65: 1 | H65: 6 | I65: 32 | J65: 0 | K65: Indefinido | L65: Fija | M65: 484 | N65: 85 min | O65: SI | P65: SI | Q65: Sin obstáculos físicos o estructurales que limiten al colaborador. No hay circulación de personas y objetos en el espacio de trabajo. | R65: Puesto de trabajo frente al colaborador | S65: Slack, Guantes, casco, botas | T65: SI
A66: 65 | B66: Desposte | C66: Operador Línea paleta | D66: Segrega Producto | E66: Colaborador toma preducto que viene desde cinta y lo distribuye por tipo | F66: 06:30 14:50 / 17:30 a 02:50 | G66: 1 | H66: 6 | I66: 32 | J66: 0 | K66: Indefinido | L66: Fija | M66: 484 | N66: 85 min | O66: SI | P66: NO | Q66: Sin obstáculos físicos o estructurales que limiten al colaborador. No hay circulación de personas y objetos en el espacio de trabajo. | R66: Puesto de trabajo frente al colaborador | S66: Slack, Guantes, casco, botas | T66: SI
A67: 66 | B67: Desposte | C67: Operador Línea paleta | D67: Papada | E67: Colaborador toma producto y corta la papada con cuchillo | F67: 06:30 14:50 / 17:30 a 02:50 | G67: 1 | H67: 6 | I67: 32 | J67: 0 | K67: Indefinido | L67: Fija | M67: 484 | N67: 85 min | O67: SI | P67: SI | Q67: Sin obstáculos físicos o estructurales que limiten al colaborador. No hay circulación de personas y objetos en el espacio de trabajo. | R67: Puesto de trabajo frente al colaborador | S67: Slack, Guantes, casco, botas | T67: SI
A68: 67 | B68: Desposte | C68: Operador Línea paleta | D68: Forrero | E68: Colaborador toma producto y saca forro con cuchillo | F68: 06:30 14:50 / 17:30 a 02:50 | G68: 1 | H68: 6 | I68: 32 | J68: 0 | K68: Indefinido | L68: Fija | M68: 484 | N68: 85 min | O68: SI | P68: SI | Q68: Sin obstáculos físicos o estructurales que limiten al colaborador. No hay circulación de personas y objetos en el espacio de trabajo. | R68: Puesto de trabajo frente al colaborador | S68: Slack, Guantes, casco, botas | T68: SI
A69: 68 | B69: Desposte | C69: Operador Línea paleta | D69: Rayado | F69: 06:30 14:50 / 17:30 a 02:50 | G69: 1 | H69: 6 | I69: 32 | J69: 0 | K69: Indefinido | L69: Fija | M69: 484 | N69: 85 min | O69: SI | P69: SI | Q69: Sin obstáculos físicos o estructurales que limiten al colaborador. No hay circulación de personas y objetos en el espacio de trabajo. | R69: Puesto de trabajo frente al colaborador | S69: Slack, Guantes, casco, botas | T69: SI
A70: 69 | B70: Desposte | C70: Operador Línea paleta | D70: Cortar Plateada | E70: Colaborador tomas producto y corta con cuchillo corte plateada | F70: 06:30 14:50 / 17:30 a 02:50 | G70: 1 | H70: 6 | I70: 32 | J70: 0 | K70: Indefinido | L70: Fija | M70: 484 | N70: 85 min | O70: SI | P70: SI | Q70: Sin obstáculos físicos o estructurales que limiten al colaborador. No hay circulación de personas y objetos en el espacio de trabajo. | R70: Puesto de trabajo frente al colaborador | S70: Slack, Guantes, casco, botas | T70: SI
A71: 70 | B71: Desposte | C71: Operador Línea paleta | D71: Pistola Escapula | E71: Colaborador saca hueso escapula con Pistola | F71: 06:30 14:50 / 17:30 a 02:50 | G71: 1 | H71: 6 | I71: 32 | J71: 0 | K71: Indefinido | L71: Fija | M71: 484 | N71: 85 min | O71: SI | P71: SI | Q71: Sin obstáculos físicos o estructurales que limiten al colaborador. No hay circulación de personas y objetos en el espacio de trabajo. | R71: Puesto de trabajo frente al colaborador | S71: Slack, Guantes, casco, botas | T71: SI
A72: 71 | B72: Desposte | C72: Operador Línea paleta | D72: Deshuesado Escapula | E72: Colaborador con cuchillo dibuja escapula para posterir sacarla con poistola | F72: 06:30 14:50 / 17:30 a 02:50 | G72: 1 | H72: 6 | I72: 32 | J72: 0 | K72: Indefinido | L72: Fija | M72: 484 | N72: 85 min | O72: SI | P72: SI | Q72: Sin obstáculos físicos o estructurales que limiten al colaborador. No hay circulación de personas y objetos en el espacio de trabajo. | R72: Puesto de trabajo frente al colaborador | S72: Slack, Guantes, casco, botas | T72: SI
A73: 72 | B73: Desposte | C73: Operador Línea paleta | D73: Deshuesado Humero | E73: Colaborador retira hueso humero con cuchillo | F73: 06:30 14:50 / 17:30 a 02:50 | G73: 1 | H73: 6 | I73: 32 | J73: 0 | K73: Indefinido | L73: Fija | M73: 484 | N73: 85 min | O73: SI | P73: SI | Q73: Sin obstáculos físicos o estructurales que limiten al colaborador. No hay circulación de personas y objetos en el espacio de trabajo. | R73: Puesto de trabajo frente al colaborador | S73: Slack, Guantes, casco, botas | T73: SI
A74: 73 | B74: Desposte | C74: Operador Línea paleta | D74: Embolsado | E74: Colaborador toma producto y lo deposita dentro de la bolsa | F74: 06:30 14:50 / 17:30 a 02:50 | G74: 1 | H74: 6 | I74: 32 | J74: 0 | K74: Indefinido | L74: Fija | M74: 484 | N74: 85 min | O74: SI | P74: NO | Q74: Sin obstáculos físicos o estructurales que limiten al colaborador. No hay circulación de personas y objetos en el espacio de trabajo. | R74: Puesto de trabajo frente al colaborador | S74: Slack, Guantes, casco, botas | T74: SI
A75: 74 | B75: Desposte | C75: Operador Línea paleta | D75: Prolijado | E75: Colaborador extrtae grasa con cuchillo whizard | F75: 06:30 14:50 / 17:30 a 02:50 | G75: 1 | H75: 6 | I75: 32 | J75: 0 | K75: Indefinido | L75: Fija | M75: 484 | N75: 85 min | O75: SI | P75: SI | Q75: Sin obstáculos físicos o estructurales que limiten al colaborador. No hay circulación de personas y objetos en el espacio de trabajo. | R75: Puesto de trabajo frente al colaborador | S75: Slack, Guantes, casco, botas | T75: SI
A76: 75 | B76: Desposte | C76: Operador LíneaVetado | D76: Abastecer máquina | E76: Colaborador toma producto y abastece maquina | F76: 06:30 14:50 / 17:30 a 02:50 | G76: 1 | H76: 6 | I76: 36 | J76: 0 | K76: Indefinido | L76: Fija | M76: 484 | N76: 85 min | O76: SI | P76: No | Q76: Sin obstáculos físicos o estructurales que limiten al colaborador. No hay circulación de personas y objetos en el espacio de trabajo. | R76: Puesto de trabajo frente al colaborador | S76: Slack, Guantes, casco, botas | T76: SI
A77: 76 | B77: Desposte | C77: Operador LíneaVetado | D77: Punta Costilla | F77: 06:30 14:50 / 17:30 a 02:50 | G77: 1 | H77: 6 | I77: 36 | J77: 0 | K77: Indefinido | L77: Fija | M77: 484 | N77: 85 min | O77: SI | P77: SI | Q77: Sin obstáculos físicos o estructurales que limiten al colaborador. No hay circulación de personas y objetos en el espacio de trabajo. | R77: Puesto de trabajo frente al colaborador | S77: Slack, Guantes, casco, botas | T77: SI
A78: 77 | B78: Desposte | C78: Operador LíneaVetado | D78: Hueso Externón | E78: Colaborador extrae hueo externon con cuchillo | F78: 06:30 14:50 / 17:30 a 02:50 | G78: 1 | H78: 6 | I78: 36 | J78: 0 | K78: Indefinido | L78: Fija | M78: 484 | N78: 85 min | O78: SI | P78: SI | Q78: Sin obstáculos físicos o estructurales que limiten al colaborador. No hay circulación de personas y objetos en el espacio de trabajo. | R78: Puesto de trabajo frente al colaborador | S78: Slack, Guantes, casco, botas | T78: SI
A79: 78 | B79: Desposte | C79: Operador LíneaVetado | D79: Costillita | E79: Colaborador separa costillita para posterior embalado | F79: 06:30 14:50 / 17:30 a 02:50 | G79: 1 | H79: 6 | I79: 36 | J79: 0 | K79: Indefinido | L79: Fija | M79: 484 | N79: 85 min | O79: SI | P79: SI | Q79: Sin obstáculos físicos o estructurales que limiten al colaborador. No hay circulación de personas y objetos en el espacio de trabajo. | R79: Puesto de trabajo frente al colaborador | S79: Slack, Guantes, casco, botas | T79: SI
A80: 79 | B80: Desposte | C80: Operador LíneaVetado | D80: Prolijado de Papada | E80: Colaborador realiza proijado con cuchillo | F80: 06:30 14:50 / 17:30 a 02:50 | G80: 1 | H80: 6 | I80: 36 | J80: 0 | K80: Indefinido | L80: Fija | M80: 484 | N80: 85 min | O80: SI | P80: SI | Q80: Sin obstáculos físicos o estructurales que limiten al colaborador. No hay circulación de personas y objetos en el espacio de trabajo. | R80: Puesto de trabajo frente al colaborador | S80: Slack, Guantes, casco, botas | T80: SI
A81: 80 | B81: Desposte | C81: Operador LíneaVetado | D81: Ganglios | E81: Colaborador corta ganglios y deposita en bandeja | F81: 06:30 14:50 / 17:30 a 02:50 | G81: 1 | H81: 6 | I81: 36 | J81: 0 | K81: Indefinido | L81: Fija | M81: 484 | N81: 85 min | O81: SI | P81: NO | Q81: Sin obstáculos físicos o estructurales que limiten al colaborador. No hay circulación de personas y objetos en el espacio de trabajo. | R81: Puesto de trabajo frente al colaborador | S81: Slack, Guantes, casco, botas | T81: SI
A82: 81 | B82: Desposte | C82: Operador LíneaVetado | D82: Deshuesado de Chuleta | E82: Colaborador reliza un corte con cuchillo parta separar chuleta | F82: 06:30 14:50 / 17:30 a 02:50 | G82: 1 | H82: 6 | I82: 36 | J82: 0 | K82: Indefinido | L82: Fija | M82: 484 | N82: 85 min | O82: SI | P82: SI | Q82: Sin obstáculos físicos o estructurales que limiten al colaborador. No hay circulación de personas y objetos en el espacio de trabajo. | R82: Puesto de trabajo frente al colaborador | S82: Slack, Guantes, casco, botas | T82: SI
A83: 82 | B83: Desposte | C83: Operador LíneaVetado | D83: Embalado de hueso | F83: 06:30 14:50 / 17:30 a 02:50 | G83: 1 | H83: 6 | I83: 36 | J83: 0 | K83: Indefinido | L83: Fija | M83: 484 | N83: 85 min | O83: SI | P83: NO | Q83: Sin obstáculos físicos o estructurales que limiten al colaborador. No hay circulación de personas y objetos en el espacio de trabajo. | R83: Puesto de trabajo frente al colaborador | S83: Slack, Guantes, casco, botas | T83: SI
A84: 83 | B84: Desposte | C84: Operador LíneaVetado | D84: extracción Cinta de Despunte | E84: Colaborador extrae cinta de Despunte desde el trozo carnico con cuchillo | F84: 06:30 14:50 / 17:30 a 02:50 | G84: 1 | H84: 6 | I84: 36 | J84: 0 | K84: Indefinido | L84: Fija | M84: 484 | N84: 85 min | O84: SI | P84: SI | Q84: Sin obstáculos físicos o estructurales que limiten al colaborador. No hay circulación de personas y objetos en el espacio de trabajo. | R84: Puesto de trabajo frente al colaborador | S84: Slack, Guantes, casco, botas | T84: SI
A85: 84 | B85: Desposte | C85: Operador LíneaVetado | D85: Prolijado Cartilago Hueso | E85: Colaborador extrae grasa del trozo carnico con whizard | F85: 06:30 14:50 / 17:30 a 02:50 | G85: 1 | H85: 6 | I85: 36 | J85: 0 | K85: Indefinido | L85: Fija | M85: 484 | N85: 85 min | O85: SI | P85: SI | Q85: Sin obstáculos físicos o estructurales que limiten al colaborador. No hay circulación de personas y objetos en el espacio de trabajo. | R85: Puesto de trabajo frente al colaborador | S85: Slack, Guantes, casco, botas | T85: SI
A86: 85 | B86: Desposte | C86: Operador LíneaVetado | D86: Prolijado Carne Longaniza | E86: Colaborador extrae grasa del trozo carnico con whizard | F86: 06:30 14:50 / 17:30 a 02:50 | G86: 1 | H86: 6 | I86: 36 | J86: 0 | K86: Indefinido | L86: Fija | M86: 484 | N86: 85 min | O86: SI | P86: SI | Q86: Sin obstáculos físicos o estructurales que limiten al colaborador. No hay circulación de personas y objetos en el espacio de trabajo. | R86: Puesto de trabajo frente al colaborador | S86: Slack, Guantes, casco, botas | T86: SI
A87: 86 | B87: Desposte | C87: Operador LíneaVetado | D87: Prolijado Lomo Vetado | E87: Colaborador extrae grasa del trozo carnico con whizard | F87: 06:30 14:50 / 17:30 a 02:50 | G87: 1 | H87: 6 | I87: 36 | J87: 0 | K87: Indefinido | L87: Fija | M87: 484 | N87: 85 min | O87: SI | P87: SI | Q87: Sin obstáculos físicos o estructurales que limiten al colaborador. No hay circulación de personas y objetos en el espacio de trabajo. | R87: Puesto de trabajo frente al colaborador | S87: Slack, Guantes, casco, botas | T87: SI
A88: 87 | B88: Desposte | C88: Operador LíneaVetado | D88: Calibrado | E88: Colaborador toma lomo y e da el peso requerido | F88: 06:30 14:50 / 17:30 a 02:50 | G88: 1 | H88: 6 | I88: 36 | J88: 0 | K88: Indefinido | L88: Fija | M88: 484 | N88: 85 min | O88: SI | P88: SI | Q88: Sin obstáculos físicos o estructurales que limiten al colaborador. No hay circulación de personas y objetos en el espacio de trabajo. | R88: Puesto de trabajo frente al colaborador | S88: Slack, Guantes, casco, botas | T88: SI
A89: 88 | B89: Desposte | C89: Operador Linea Piernas | D89: Extraer Cola-Cazuela | E89: Colaborador extrae Cola y Cazuela de pierna con cuchillo | F89: 06:30 14:50 / 17:30 a 02:50 | G89: 1 | H89: 6 | I89: 80 | J89: 14 | K89: Indefinido | L89: Fija | M89: 484 | N89: 85 min | O89: SI | P89: SI | R89: Puesto de trabajo frente al colaborador | S89: Slack, Guantes, casco, botas | T89: SI
A90: 89 | B90: Desposte | C90: Operador Linea Piernas | D90: Exraer Pernil | E90: Se extrae pernil de pierna con cuchillo | F90: 06:30 14:50 / 17:30 a 02:50 | G90: 1 | H90: 6 | I90: 80 | J90: 14 | K90: Indefinido | L90: Fija | M90: 484 | N90: 85 min | O90: SI | P90: SI | R90: Puesto de trabajo frente al colaborador | S90: Slack, Guantes, casco, botas | T90: SI
A91: 90 | B91: Desposte | C91: Operador Linea Piernas | D91: Evacuar Bandejas | E91: Colaborador toma y evacua bandejas con producto a cinta | F91: 06:30 14:50 / 17:30 a 02:50 | G91: 1 | H91: 6 | I91: 80 | J91: 14 | K91: Indefinido | L91: Fija | M91: 484 | N91: 85 min | O91: SI | P91: NO | R91: Puesto de trabajo frente al colaborador | S91: Slack, Guantes, casco, botas | T91: SI
A92: 91 | B92: Desposte | C92: Operador Linea Piernas | D92: Peladora Maja | E92: Colaborador toma tro carnico y saca cuero con maquina critica MAJA | F92: 06:30 14:50 / 17:30 a 02:50 | G92: 1 | H92: 6 | I92: 80 | J92: 14 | K92: Indefinido | L92: Fija | M92: 484 | N92: 85 min | O92: SI | P92: SI | R92: Puesto de trabajo frente al colaborador | S92: Slack, Guantes, casco, botas | T92: SI
A93: 92 | B93: Desposte | C93: Operador Linea Piernas | D93: Whizard | E93: Colaborador saca grasa de trozo carnico on cuchillo automaticowhizard | F93: 06:30 14:50 / 17:30 a 02:50 | G93: 1 | H93: 6 | I93: 80 | J93: 14 | K93: Indefinido | L93: Fija | M93: 484 | N93: 85 min | O93: SI | P93: SI | R93: Puesto de trabajo frente al colaborador | S93: Slack, Guantes, casco, botas | T93: SI
A94: 93 | B94: Desposte | C94: Operador Linea Piernas | D94: Deshuesado Coxal | E94: Colaborador extrae del tropzo carnico hueso coxal con cuchillo | F94: 06:30 14:50 / 17:30 a 02:50 | G94: 1 | H94: 6 | I94: 80 | J94: 14 | K94: Indefinido | L94: Fija | M94: 485 | N94: 86 min | O94: SI | P94: SI | R94: Puesto de trabajo frente al colaborador | S94: Slack, Guantes, casco, botas | T94: SI
A95: 94 | B95: Desposte | C95: Operador Linea Piernas | D95: Deshuesadores Femur | E95: Colaborador extrae hueso femur con cuchilloy lko deposita en la bandeja | F95: 06:30 14:50 / 17:30 a 02:50 | G95: 1 | H95: 6 | I95: 80 | J95: 14 | K95: Indefinido | L95: Fija | M95: 484 | N95: 85 min | O95: SI | P95: SI | R95: Puesto de trabajo frente al colaborador | S95: Slack, Guantes, casco, botas | T95: SI
A96: 95 | B96: Desposte | C96: Operador Linea Piernas | D96: Prolijadores | E96: Colaborador saca grasa del trozo carnico inetrna y externamente | F96: 06:30 14:50 / 17:30 a 02:50 | G96: 1 | H96: 6 | I96: 80 | J96: 14 | K96: Indefinido | L96: Fija | M96: 484 | N96: 85 min | O96: SI | P96: SI | R96: Puesto de trabajo frente al colaborador | S96: Slack, Guantes, casco, botas | T96: SI
A97: 96 | B97: Desposte | C97: Operador Linea Piernas | D97: Calibrado | F97: 06:30 14:50 / 17:30 a 02:50 | G97: 1 | H97: 6 | I97: 80 | J97: 14 | K97: Indefinido | L97: Fija | M97: 484 | N97: 85 min | O97: SI | P97: SI | R97: Puesto de trabajo frente al colaborador | S97: Slack, Guantes, casco, botas | T97: SI
A98: 97 | B98: Desposte | C98: Operador Linea Piernas | D98: Peladora Maja | E98: Colabordor toma producto y saca cuero y grasa en la maquina peladora | F98: 06:30 14:50 / 17:30 a 02:50 | G98: 1 | H98: 6 | I98: 80 | J98: 14 | K98: Indefinido | L98: Fija | M98: 484 | N98: 85 min | O98: SI | P98: SI | R98: Puesto de trabajo frente al colaborador | S98: Slack, Guantes, casco, botas | T98: SI
A99: 98 | B99: Desposte | C99: Operador Linea Piernas | D99: Abastecer Varivac | E99: Colaboradora toma producto y abastece maquina para luego sellarlo | F99: 06:30 14:50 / 17:30 a 02:50 | G99: 1 | H99: 6 | I99: 80 | J99: 14 | K99: Indefinido | L99: Fija | M99: 484 | N99: 85 min | O99: SI | P99: NO | R99: Puesto de trabajo frente al colaborador | S99: Slack, Guantes, casco, botas | T99: SI
A100: 99 | B100: Desposte | C100: Operador Linea Piernas | D100: Recibir producto | E100: Colaboradora recibe producto en bolsa sellado | F100: 06:30 14:50 / 17:30 a 02:50 | G100: 1 | H100: 6 | I100: 80 | J100: 14 | K100: Indefinido | L100: Fija | M100: 484 | N100: 85 min | O100: SI | P100: NO | R100: Puesto de trabajo frente al colaborador | S100: Slack, Guantes, casco, botas | T100: SI
A101: 100 | B101: Desposte | C101: Operador Linea Piernas | D101: Pegar etiqueta | E101: Colaboradora revisa y pone etoiqueta al producto | F101: 06:30 14:50 / 17:30 a 02:50 | G101: 1 | H101: 6 | I101: 80 | J101: 14 | K101: Indefinido | L101: Fija | M101: 484 | N101: 85 min | O101: SI | P101: NO | R101: Puesto de trabajo frente al colaborador | S101: Slack, Guantes, casco, botas | T101: SI
A102: 101 | B102: Desposte | C102: Operador Linea Piernas | D102: evacuar bandeja | E102: Colaboradora evacuia bandeja con rpoducto en cinta | F102: 06:30 14:50 / 17:30 a 02:50 | G102: 1 | H102: 6 | I102: 80 | J102: 14 | K102: Indefinido | L102: Fija | M102: 484 | N102: 85 min | O102: SI | P102: NO | R102: Puesto de trabajo frente al colaborador | S102: Slack, Guantes, casco, botas | T102: SI
A103: 102 | B103: Desposte | C103: Operador Línea Empaque | D103: Palletizado | F103: 06:30 14:50 / 17:30 a 02:50 | G103: 1 | H103: 6 | I103: 36 | J103: 8 | K103: Indefinido | L103: Fija | M103: 484 | N103: 85 min | O103: SI | P103: NO | R103: Puesto de trabajo frente al colaborador | S103: Slack, Guantes, casco, botas | T103: SI
A104: 103 | B104: Desposte | C104: Operador Línea Empaque | D104: Calibrado | F104: 06:30 14:50 / 17:30 a 02:50 | G104: 1 | H104: 6 | I104: 36 | J104: 8 | K104: Indefinido | L104: Fija | M104: 484 | N104: 85 min | O104: SI | P104: NO | R104: Puesto de trabajo frente al colaborador | S104: Slack, Guantes, casco, botas | T104: SI
A105: 104 | B105: Desposte | C105: Operador Línea Empaque | D105: Volteador 500 | F105: 06:30 14:50 / 17:30 a 02:50 | G105: 1 | H105: 6 | I105: 36 | J105: 8 | K105: Indefinido | L105: Fija | M105: 484 | N105: 85 min | O105: SI | P105: NO | R105: Puesto de trabajo frente al colaborador | S105: Slack, Guantes, casco, botas | T105: SI
A106: 105 | B106: Desposte | C106: Operador Línea Empaque | D106: Direccionado | F106: 06:30 14:50 / 17:30 a 02:50 | G106: 1 | H106: 6 | I106: 36 | J106: 8 | K106: Indefinido | L106: Fija | M106: 484 | N106: 85 min | O106: SI | P106: NO | R106: Puesto de trabajo frente al colaborador | S106: Slack, Guantes, casco, botas | T106: SI
A107: 106 | B107: Desposte | C107: Operador Línea Empaque | D107: Embalado | F107: 06:30 14:50 / 17:30 a 02:50 | G107: 1 | H107: 6 | I107: 36 | J107: 8 | K107: Indefinido | L107: Fija | M107: 484 | N107: 85 min | O107: SI | P107: NO | R107: Puesto de trabajo frente al colaborador | S107: Slack, Guantes, casco, botas | T107: SI
A108: 107 | B108: Desposte | C108: Operador Línea Empaque | D108: PC | F108: 06:30 14:50 / 17:30 a 02:50 | G108: 1 | H108: 6 | I108: 36 | J108: 8 | K108: Indefinido | L108: Fija | M108: 484 | N108: 85 min | O108: SI | P108: NO | R108: Puesto de trabajo frente al colaborador | S108: Slack, Guantes, casco, botas | T108: SI
A109: 108 | B109: Desposte | C109: Operador Línea Empaque | D109: Volteado 100 | F109: 06:30 14:50 / 17:30 a 02:50 | G109: 1 | H109: 6 | I109: 36 | J109: 8 | K109: Indefinido | L109: Fija | M109: 484 | N109: 85 min | O109: SI | P109: NO | R109: Puesto de trabajo frente al colaborador | S109: Slack, Guantes, casco, botas | T109: SI
A110: 109 | B110: Desposte | C110: Operador Línea Filete y Cabeza | D110: Cortar Cabeza | F110: 06:30 14:50 / 17:30 a 02:50 | G110: 1 | H110: 6 | I110: 20 | J110: 6 | K110: Indefinido | L110: Fija | M110: 484 | N110: 85 min | O110: SI | P110: SI | R110: Puesto de trabajo frente al colaborador | S110: Slack, Guantes, casco, botas | T110: SI
A111: 110 | B111: Desposte | C111: Operador Línea Filete y Cabeza | D111: Filetero | F111: 06:30 14:50 / 17:30 a 02:50 | G111: 1 | H111: 6 | I111: 20 | J111: 6 | K111: Indefinido | L111: Fija | M111: 484 | N111: 85 min | O111: SI | P111: SI | R111: Puesto de trabajo frente al colaborador | S111: Slack, Guantes, casco, botas | T111: SI
A112: 111 | B112: Desposte | C112: Operador Línea Filete y Cabeza | D112: Exracción de cuero Axilar | F112: 06:30 14:50 / 17:30 a 02:50 | G112: 1 | H112: 6 | I112: 20 | J112: 6 | K112: Indefinido | L112: Fija | M112: 484 | N112: 85 min | O112: SI | P112: SI | R112: Puesto de trabajo frente al colaborador | S112: Slack, Guantes, casco, botas | T112: SI
A113: 112 | B113: Desposte | C113: Operador Línea Filete y Cabeza | D113: Embalar Perniles | F113: 06:30 14:50 / 17:30 a 02:50 | G113: 1 | H113: 6 | I113: 20 | J113: 6 | K113: Indefinido | L113: Fija | M113: 484 | N113: 85 min | O113: SI | P113: NO | R113: Puesto de trabajo frente al colaborador | S113: Slack, Guantes, casco, botas | T113: SI
A114: 113 | B114: Desposte | C114: Operador Línea Filete y Cabeza | D114: Embalador Perniles | F114: 06:30 14:50 / 17:30 a 02:50 | G114: 1 | H114: 6 | I114: 20 | J114: 6 | K114: Indefinido | L114: Fija | M114: 484 | N114: 85 min | O114: SI | P114: NO | R114: Puesto de trabajo frente al colaborador | S114: Slack, Guantes, casco, botas | T114: SI
... A116: 115 | B116: Desposte | C116: Operador Línea Filete y Cabeza | D116: Embalaje patas y manos | F116: 06:30 14:50 / 17:30 a 02:50 | G116: 1 | H116: 6 | I116: 20 | J116: 6 | K116: Indefinido | L116: Fija | M116: 484 | N116: 85 min | O116: SI | P116: NO | R116: Puesto de trabajo frente al colaborador | S116: Slack, Guantes, casco, botas | T116: SI

Sheet Inicial
A1: N° | C1: Puesto de trabajo | D1: Tareas del puesto de trabajo | E1: Horario de funcionamiento | F1: Horas extras POR DIA | G1: Horas extras POR SEMANA | H1: N° Trabajadores Expuestos HOMBRE | I1: N° Trabajadores Expuestos MUJER | J1: Trabajo repetitivo de miembros superiores. | K1: Postura de trabajo estática | L1: MMC Levantamiento/Descenso | M1: MMC Empuje/Arrastre | N1: Manejo manual de pacientes / personas | O1: Vibración de cuerpo completo | P1: Vibración segmento mano – brazo | Q1: Resultado identificación inicial
B2: Area | J2: ¿Existe una o más tareas donde utilice las manos y miembros superiores con una duración total de una hora o más durante la jornada laboral y con un tiempo total de 5 o más horas a la semana? Donde tenga que movilizar, levantar, empujar, encajar, sostener, posicionar, armar, limpiar, apretar, lanzar, cortar, presionar, desarmar, atornillar, desatornillar, digitar con presión, comprimir, ubicar, moldear, traccionar. | K2: ¿Existen posturas de trabajo estáticas de cabeza/cuello, tronco y/o miembros superiores e inferiores, mantenidas por más de 4 segundos consecutivamente? Donde se observe estar sentado, cabeza inclinada hacia adelante o atrás, mirada situada en planos bajo nivel medio de tórax o pecho, cabeza rotada permanentemente hacia algún lado, mirada situada en planos sobre el nivel de cabeza, hombros situados por delante de las caderas de manera continua, tronco rotado o inclinado para sostener o movilizar objetos. | L2: Para el Levantamiento/Descenso/Transporte: ¿Existe levantamiento, descenso o transporte manual de un objeto de 3kg o más? Se observa que levanta, sostiene, trasporta, desplaza, moviliza, ubica con precisión ordenando, empuja, arrastra o tracciona, apila, paletiza. | M2: Tracción/Empuje ¿Existe empuje o arrastre de una carga utilizando el cuerpo completo con 1 o 2 manos? Se observa el empuje y/o arrastre de diferentes maneras carros, plataformas con rueda, superficies deslizantes, detención de objetos en movimiento, camillas, camas, sillas de rueda, paletizadores, grúas de uso manual mecanizadas, formas de tracción y empuje hechizas, carretillas. No se considera empuje y arrastre carros motorizados y controlados manualmente (conducción) | N2: ¿Se realiza alguna actividad que requiere fuerza para empujar, tirar, levantar, descender, transferir o de alguna manera mover o sostener una persona o parte del cuerpo de una persona? *NOTA: La condición a identificar debe incluir la actividad de manipulación, ya sea que se realice con o sin dispositivos de asistencia. Esta condición está determinada por el riesgo asociado a las características de la carga humana que requiere control sensible de la masa corporal por parte del operador. | O2: ¿Están los trabajadores/as expuestos/as a vibraciones por una fuente de vibración de cuerpo entero perceptible por el trabajador/a? Se presenta en cercanía de máquinas donde se percibe la vibración, superficies vibrantes donde se está de pie o sentado como en maquinaria pesada y de conducción sentados o de pie. | P2: ¿Están los trabajadores/as en contacto con una fuente de vibración del segmento mano - brazo? Y ¿esta condición es frecuente o inherente a la tarea realizada?. Se presenta en situaciones de manejo de herramientas neumáticas o eléctricas, atornilladores o destornilladores neumáticos o eléctricos, uso de herramientas con impacto como martillos, cinceles, herramientas percutoras como taladros o grandes percutores
A3: =Datos!A2 -> 1 | B3: =Datos!B2 -> Congelado | C3: =Datos!C2 -> Operador sala de cajas | D3: =Datos!D2 -> Armado de cajas (tapa Vetado) | E3: =Datos!F2 -> Am 07:40 a 15:30 Pm 18:10 a 03:30 | F3: =Datos!G2 -> 1 | G3: =Datos!H2 -> 6 | H3: =Datos!I2 -> 11 | I3: =Datos!J2 -> 5 | J3: SI | K3: NO | L3: NO | M3: NO | N3: NO | O3: NO | P3: NO | Q3: =IF(AND(J3="NO",K3="NO",L3="NO",M3="NO",N3="NO",O3="NO",P3="NO"),"Ausencia total del riesgo, reevaluar cada 3 años con nueva identificación inicial","Aplicar identificación avanzada-condición aceptable para cada tipo de factor de riesgo identificado") -> Aplicar identificación avanzada-condición aceptable para cada tipo de factor de riesgo identificado
A4: =Datos!A3 -> 2 | B4: =Datos!B3 -> Congelado | C4: =Datos!C3 -> Operador sala de cajas | D4: =Datos!D3 -> Armado de cajas (fondo Vetado) | E4: =Datos!F3 -> Am 07:40 a 15:30 Pm 18:10 a 03:31 | F4: =Datos!G3 -> 1 | G4: =Datos!H3 -> 6 | H4: =Datos!I3 -> 11 | I4: =Datos!J3 -> 5 | J4: SI | K4: NO | L4: NO | M4: NO | N4: NO | O4: NO | P4: NO | Q4: =IF(AND(J4="NO",K4="NO",L4="NO",M4="NO",N4="NO",O4="NO",P4="NO"),"Ausencia total del riesgo, reevaluar cada 3 años con nueva identificación inicial","Aplicar identificación avanzada-condición aceptable para cada tipo de factor de riesgo identificado") -> Aplicar identificación avanzada-condición aceptable para cada tipo de factor de riesgo identificado
A5: =Datos!A4 -> 3 | B5: =Datos!B4 -> Congelado | C5: =Datos!C4 -> Operador sala de cajas | D5: =Datos!D4 -> Armado de cajas (Tapa Mloin) | E5: =Datos!F4 -> Am 07:40 a 15:30 Pm 18:10 a 03:32 | F5: =Datos!G4 -> 1 | G5: =Datos!H4 -> 6 | H5: =Datos!I4 -> 11 | I5: =Datos!J4 -> 5 | J5: SI | K5: NO | L5: NO | M5: NO | N5: NO | O5: NO | P5: NO | Q5: =IF(AND(J5="NO",K5="NO",L5="NO",M5="NO",N5="NO",O5="NO",P5="NO"),"Ausencia total del riesgo, reevaluar cada 3 años con nueva identificación inicial","Aplicar identificación avanzada-condición aceptable para cada tipo de factor de riesgo identificado") -> Aplicar identificación avanzada-condición aceptable para cada tipo de factor de riesgo identificado
A6: =Datos!A5 -> 4 | B6: =Datos!B5 -> Congelado | C6: =Datos!C5 -> Operador sala de cajas | D6: =Datos!D5 -> Armado de cajas (Fondo Mloin) | E6: =Datos!F5 -> Am 07:40 a 15:30 Pm 18:10 a 03:33 | F6: =Datos!G5 -> 1 | G6: =Datos!H5 -> 6 | H6: =Datos!I5 -> 11 | I6: =Datos!J5 -> 5 | J6: SI | K6: NO | L6: NO | M6: NO | N6: NO | O6: NO | P6: NO | Q6: =IF(AND(J6="NO",K6="NO",L6="NO",M6="NO",N6="NO",O6="NO",P6="NO"),"Ausencia total del riesgo, reevaluar cada 3 años con nueva identificación inicial","Aplicar identificación avanzada-condición aceptable para cada tipo de factor de riesgo identificado") -> Aplicar identificación avanzada-condición aceptable para cada tipo de factor de riesgo identificado
A7: =Datos!A6 -> 5 | B7: =Datos!B6 -> Congelado | C7: =Datos!C6 -> Operador sala de cajas | D7: =Datos!D6 -> Armado de Cajas Tapa Panceta | E7: =Datos!F6 -> Am 07:40 a 15:30 Pm 18:10 a 03:34 | F7: =Datos!G6 -> 1 | G7: =Datos!H6 -> 6 | H7: =Datos!I6 -> 11 | I7: =Datos!J6 -> 5 | J7: SI | K7: NO | L7: NO | M7: NO | N7: NO | O7: NO | P7: NO | Q7: =IF(AND(J7="NO",K7="NO",L7="NO",M7="NO",N7="NO",O7="NO",P7="NO"),"Ausencia total del riesgo, reevaluar cada 3 años con nueva identificación inicial","Aplicar identificación avanzada-condición aceptable para cada tipo de factor de riesgo identificado") -> Aplicar identificación avanzada-condición aceptable para cada tipo de factor de riesgo identificado
A8: =Datos!A7 -> 6 | B8: =Datos!B7 -> Congelado | C8: =Datos!C7 -> Operador sala de cajas | D8: =Datos!D7 -> Armado Caja Fondo Panceta | E8: =Datos!F7 -> Am 07:40 a 15:30 Pm 18:10 a 03:35 | F8: =Datos!G7 -> 1 | G8: =Datos!H7 -> 6 | H8: =Datos!I7 -> 11 | I8: =Datos!J7 -> 5 | J8: SI | K8: NO | L8: NO | M8: NO | N8: NO | O8: NO | P8: NO | Q8: =IF(AND(J8="NO",K8="NO",L8="NO",M8="NO",N8="NO",O8="NO",P8="NO"),"Ausencia total del riesgo, reevaluar cada 3 años con nueva identificación inicial","Aplicar identificación avanzada-condición aceptable para cada tipo de factor de riesgo identificado") -> Aplicar identificación avanzada-condición aceptable para cada tipo de factor de riesgo identificado
A9: =Datos!A8 -> 7 | B9: =Datos!B8 -> Congelado | C9: =Datos!C8 -> Operador sala de cajas | D9: =Datos!D8 -> Armado de cajas (Tapa Filete) | E9: =Datos!F8 -> Am 07:40 a 15:30 Pm 18:10 a 03:36 | F9: =Datos!G8 -> 1 | G9: =Datos!H8 -> 6 | H9: =Datos!I8 -> 11 | I9: =Datos!J8 -> 5 | J9: SI | K9: NO | L9: NO | M9: NO | N9: NO | O9: NO | P9: NO | Q9: =IF(AND(J9="NO",K9="NO",L9="NO",M9="NO",N9="NO",O9="NO",P9="NO"),"Ausencia total del riesgo, reevaluar cada 3 años con nueva identificación inicial","Aplicar identificación avanzada-condición aceptable para cada tipo de factor de riesgo identificado") -> Aplicar identificación avanzada-condición aceptable para cada tipo de factor de riesgo identificado
A10: =Datos!A9 -> 8 | B10: =Datos!B9 -> Congelado | C10: =Datos!C9 -> Operador sala de cajas | D10: =Datos!D9 -> Armado de cajas (Fondo Filete) | E10: =Datos!F9 -> Am 07:40 a 15:30 Pm 18:10 a 03:37 | F10: =Datos!G9 -> 1 | G10: =Datos!H9 -> 6 | H10: =Datos!I9 -> 11 | I10: =Datos!J9 -> 5 | J10: SI | K10: NO | L10: NO | M10: NO | N10: NO | O10: NO | P10: NO | Q10: =IF(AND(J10="NO",K10="NO",L10="NO",M10="NO",N10="NO",O10="NO",P10="NO"),"Ausencia total del riesgo, reevaluar cada 3 años con nueva identificación inicial","Aplicar identificación avanzada-condición aceptable para cada tipo de factor de riesgo identificado") -> Aplicar identificación avanzada-condición aceptable para cada tipo de factor de riesgo identificado
A11: =Datos!A10 -> 9 | B11: =Datos!B10 -> Congelado | C11: =Datos!C10 -> Operador sala de cajas | D11: =Datos!D10 -> Armado de cajas (Fondo Filete) | E11: =Datos!F10 -> Am 07:40 a 15:30 Pm 18:10 a 03:38 | F11: =Datos!G10 -> 1 | G11: =Datos!H10 -> 6 | H11: =Datos!I10 -> 11 | I11: =Datos!J10 -> 5 | J11: SI | K11: NO | L11: NO | M11: NO | N11: NO | O11: NO | P11: NO | Q11: =IF(AND(J11="NO",K11="NO",L11="NO",M11="NO",N11="NO",O11="NO",P11="NO"),"Ausencia total del riesgo, reevaluar cada 3 años con nueva identificación inicial","Aplicar identificación avanzada-condición aceptable para cada tipo de factor de riesgo identificado") -> Aplicar identificación avanzada-condición aceptable para cada tipo de factor de riesgo identificado
A12: =Datos!A11 -> 10 | B12: =Datos!B11 -> Congelado | C12: =Datos!C11 -> Operador sala de cajas | D12: =Datos!D11 -> Recibir Fondos y tapas | E12: =Datos!F11 -> Am 07:40 a 15:30 Pm 18:10 a 03:39 | F12: =Datos!G11 -> 1 | G12: =Datos!H11 -> 6 | H12: =Datos!I11 -> 11 | I12: =Datos!J11 -> 5 | J12: SI | K12: NO | L12: NO | M12: NO | N12: NO | O12: NO | P12: NO | Q12: =IF(AND(J12="NO",K12="NO",L12="NO",M12="NO",N12="NO",O12="NO",P12="NO"),"Ausencia total del riesgo, reevaluar cada 3 años con nueva identificación inicial","Aplicar identificación avanzada-condición aceptable para cada tipo de factor de riesgo identificado") -> Aplicar identificación avanzada-condición aceptable para cada tipo de factor de riesgo identificado
A13: =Datos!A12 -> 11 | B13: =Datos!B12 -> Congelado | C13: =Datos!C12 -> Operador sala de cajas | D13: =Datos!D12 -> Colgar Fondos y Tapas | E13: =Datos!F12 -> Am 07:40 a 15:30 Pm 18:10 a 03:40 | F13: =Datos!G12 -> 1 | G13: =Datos!H12 -> 6 | H13: =Datos!I12 -> 11 | I13: =Datos!J12 -> 5 | J13: SI | K13: NO | L13: NO | M13: NO | N13: NO | O13: NO | P13: NO | Q13: =IF(AND(J13="NO",K13="NO",L13="NO",M13="NO",N13="NO",O13="NO",P13="NO"),"Ausencia total del riesgo, reevaluar cada 3 años con nueva identificación inicial","Aplicar identificación avanzada-condición aceptable para cada tipo de factor de riesgo identificado") -> Aplicar identificación avanzada-condición aceptable para cada tipo de factor de riesgo identificado
A14: =Datos!A13 -> 12 | B14: =Datos!B13 -> Congelado | C14: =Datos!C13 -> Operador sala Congelado | D14: =Datos!D13 -> Calibrar | E14: =Datos!F13 -> Am 07:40 a 15:30 Pm 18:10 a 03:30 | F14: =Datos!G13 -> 1 | G14: =Datos!H13 -> 6 | H14: =Datos!I13 -> 24 | I14: =Datos!J13 -> 0 | J14: SI | K14: NO | L14: NO | M14: NO | N14: NO | O14: NO | P14: NO | Q14: =IF(AND(J14="NO",K14="NO",L14="NO",M14="NO",N14="NO",O14="NO",P14="NO"),"Ausencia total del riesgo, reevaluar cada 3 años con nueva identificación inicial","Aplicar identificación avanzada-condición aceptable para cada tipo de factor de riesgo identificado") -> Aplicar identificación avanzada-condición aceptable para cada tipo de factor de riesgo identificado
... A117: =Datos!A116 -> 115 | B117: =Datos!B116 -> Desposte | C117: =Datos!C116 -> Operador Línea Filete y Cabeza | D117: =Datos!D116 -> Embalaje patas y manos | E117: =Datos!F116 -> 06:30 14:50 / 17:30 a 02:50 | F117: =Datos!G116 -> 1 | G117: =Datos!H116 -> 6 | H117: =Datos!I116 -> 20 | I117: =Datos!J116 -> 6 | J117: SI | K117: NO | L117: SI | M117: NO | N117: NO | O117: NO | P117: NO | Q117: =IF(AND(J117="NO",K117="NO",L117="NO",M117="NO",N117="NO",O117="NO",P117="NO"),"Ausencia total del riesgo, reevaluar cada 3 años con nueva identificación inicial","Aplicar identificación avanzada-condición aceptable para cada tipo de factor de riesgo identificado") -> Aplicar identificación avanzada-condición aceptable para cada tipo de factor de riesgo identificado
A118: =Datos!A117 -> 0 | B118: =Datos!B117 -> 0 | C118: =Datos!C117 -> 0 | D118: =Datos!D117 -> 0 | E118: =Datos!F117 -> 0 | F118: =Datos!G117 -> 0 | G118: =Datos!H117 -> 0 | H118: =Datos!I117 -> 0 | I118: =Datos!J117 -> 0 | Q118: =IF(AND(J118="NO",K118="NO",L118="NO",M118="NO",N118="NO",O118="NO",P118="NO"),"Ausencia total del riesgo, reevaluar cada 3 años con nueva identificación inicial","Aplicar identificación avanzada-condición aceptable para cada tipo de factor de riesgo identificado") -> Aplicar identificación avanzada-condición aceptable para cada tipo de factor de riesgo identificado
A119: =Datos!A118 -> 0 | B119: =Datos!B118 -> 0 | C119: =Datos!C118 -> 0 | D119: =Datos!D118 -> 0 | E119: =Datos!F118 -> 0 | F119: =Datos!G118 -> 0 | G119: =Datos!H118 -> 0 | H119: =Datos!I118 -> 0 | I119: =Datos!J118 -> 0 | Q119: =IF(AND(J119="NO",K119="NO",L119="NO",M119="NO",N119="NO",O119="NO",P119="NO"),"Ausencia total del riesgo, reevaluar cada 3 años con nueva identificación inicial","Aplicar identificación avanzada-condición aceptable para cada tipo de factor de riesgo identificado") -> Aplicar identificación avanzada-condición aceptable para cada tipo de factor de riesgo identificado
A120: =Datos!A119 -> 0 | B120: =Datos!B119 -> 0 | C120: =Datos!C119 -> 0 | D120: =Datos!D119 -> 0 | E120: =Datos!F119 -> 0 | F120: =Datos!G119 -> 0 | G120: =Datos!H119 -> 0 | H120: =Datos!I119 -> 0 | I120: =Datos!J119 -> 0 | Q120: =IF(AND(J120="NO",K120="NO",L120="NO",M120="NO",N120="NO",O120="NO",P120="NO"),"Ausencia total del riesgo, reevaluar cada 3 años con nueva identificación inicial","Aplicar identificación avanzada-condición aceptable para cada tipo de factor de riesgo identificado") -> Aplicar identificación avanzada-condición aceptable para cada tipo de factor de riesgo identificado
A121: =Datos!A120 -> 0 | B121: =Datos!B120 -> 0 | C121: =Datos!C120 -> 0 | D121: =Datos!D120 -> 0 | E121: =Datos!F120 -> 0 | F121: =Datos!G120 -> 0 | G121: =Datos!H120 -> 0 | H121: =Datos!I120 -> 0 | I121: =Datos!J120 -> 0 | Q121: =IF(AND(J121="NO",K121="NO",L121="NO",M121="NO",N121="NO",O121="NO",P121="NO"),"Ausencia total del riesgo, reevaluar cada 3 años con nueva identificación inicial","Aplicar identificación avanzada-condición aceptable para cada tipo de factor de riesgo identificado") -> Aplicar identificación avanzada-condición aceptable para cada tipo de factor de riesgo identificado
A122: =Datos!A121 -> 0 | B122: =Datos!B121 -> 0 | C122: =Datos!C121 -> 0 | D122: =Datos!D121 -> 0 | E122: =Datos!F121 -> 0 | F122: =Datos!G121 -> 0 | G122: =Datos!H121 -> 0 | H122: =Datos!I121 -> 0 | I122: =Datos!J121 -> 0 | Q122: =IF(AND(J122="NO",K122="NO",L122="NO",M122="NO",N122="NO",O122="NO",P122="NO"),"Ausencia total del riesgo, reevaluar cada 3 años con nueva identificación inicial","Aplicar identificación avanzada-condición aceptable para cada tipo de factor de riesgo identificado") -> Aplicar identificación avanzada-condición aceptable para cada tipo de factor de riesgo identificado
A123: =Datos!A122 -> 0 | B123: =Datos!B122 -> 0 | C123: =Datos!C122 -> 0 | D123: =Datos!D122 -> 0 | E123: =Datos!F122 -> 0 | F123: =Datos!G122 -> 0 | G123: =Datos!H122 -> 0 | H123: =Datos!I122 -> 0 | I123: =Datos!J122 -> 0 | Q123: =IF(AND(J123="NO",K123="NO",L123="NO",M123="NO",N123="NO",O123="NO",P123="NO"),"Ausencia total del riesgo, reevaluar cada 3 años con nueva identificación inicial","Aplicar identificación avanzada-condición aceptable para cada tipo de factor de riesgo identificado") -> Aplicar identificación avanzada-condición aceptable para cada tipo de factor de riesgo identificado
A124: =Datos!A124 -> 0 | B124: =Datos!B124 -> 0 | C124: =Datos!C124 -> 0 | D124: =Datos!D124 -> 0 | E124: 06:30 14:50/17:30 a 02:82 | F124: =Datos!G124 -> 0 | G124: 38 | H124: =Datos!I124 -> 0 | I124: =Datos!J124 -> 0 | Q124: =IF(AND(J124="NO",K124="NO",L124="NO",M124="NO",N124="NO",O124="NO",P124="NO"),"Ausencia total del riesgo, reevaluar cada 3 años con nueva identificación inicial","Aplicar identificación avanzada-condición aceptable para cada tipo de factor de riesgo identificado") -> Aplicar identificación avanzada-condición aceptable para cada tipo de factor de riesgo identificado
A125: =Datos!A125 -> 0 | B125: =Datos!B125 -> 0 | C125: =Datos!C125 -> 0 | D125: =Datos!D125 -> 0 | E125: 06:30 14:50/17:30 a 02:83 | F125: =Datos!G125 -> 0 | G125: 39 | H125: =Datos!I125 -> 0 | I125: =Datos!J125 -> 0 | Q125: =IF(AND(J125="NO",K125="NO",L125="NO",M125="NO",N125="NO",O125="NO",P125="NO"),"Ausencia total del riesgo, reevaluar cada 3 años con nueva identificación inicial","Aplicar identificación avanzada-condición aceptable para cada tipo de factor de riesgo identificado") -> Aplicar identificación avanzada-condición aceptable para cada tipo de factor de riesgo identificado
A126: =Datos!A126 -> 0 | B126: =Datos!B126 -> 0 | C126: =Datos!C126 -> 0 | D126: =Datos!D126 -> 0 | E126: 06:30 14:50/17:30 a 02:84 | F126: =Datos!G126 -> 0 | G126: 40 | H126: =Datos!I126 -> 0 | I126: =Datos!J126 -> 0 | Q126: =IF(AND(J126="NO",K126="NO",L126="NO",M126="NO",N126="NO",O126="NO",P126="NO"),"Ausencia total del riesgo, reevaluar cada 3 años con nueva identificación inicial","Aplicar identificación avanzada-condición aceptable para cada tipo de factor de riesgo identificado") -> Aplicar identificación avanzada-condición aceptable para cada tipo de factor de riesgo identificado
A127: =Datos!A127 -> 0 | B127: =Datos!B127 -> 0 | C127: =Datos!C127 -> 0 | D127: =Datos!D127 -> 0 | E127: 06:30 14:50/17:30 a 02:85 | F127: =Datos!G127 -> 0 | G127: 41 | H127: =Datos!I127 -> 0 | I127: =Datos!J127 -> 0 | Q127: =IF(AND(J127="NO",K127="NO",L127="NO",M127="NO",N127="NO",O127="NO",P127="NO"),"Ausencia total del riesgo, reevaluar cada 3 años con nueva identificación inicial","Aplicar identificación avanzada-condición aceptable para cada tipo de factor de riesgo identificado") -> Aplicar identificación avanzada-condición aceptable para cada tipo de factor de riesgo identificado
A128: =Datos!A128 -> 0 | B128: =Datos!B128 -> 0 | C128: =Datos!C128 -> 0 | D128: =Datos!D128 -> 0 | E128: 06:30 14:50/17:30 a 02:86 | F128: =Datos!G128 -> 0 | G128: 42 | H128: =Datos!I128 -> 0 | I128: =Datos!J128 -> 0 | Q128: =IF(AND(J128="NO",K128="NO",L128="NO",M128="NO",N128="NO",O128="NO",P128="NO"),"Ausencia total del riesgo, reevaluar cada 3 años con nueva identificación inicial","Aplicar identificación avanzada-condición aceptable para cada tipo de factor de riesgo identificado") -> Aplicar identificación avanzada-condición aceptable para cada tipo de factor de riesgo identificado
A129: =Datos!A129 -> 0 | B129: =Datos!B129 -> 0 | C129: =Datos!C129 -> 0 | D129: =Datos!D129 -> 0 | E129: 06:30 14:50/17:30 a 02:87 | F129: =Datos!G129 -> 0 | G129: 43 | H129: =Datos!I129 -> 0 | I129: =Datos!J129 -> 0 | Q129: =IF(AND(J129="NO",K129="NO",L129="NO",M129="NO",N129="NO",O129="NO",P129="NO"),"Ausencia total del riesgo, reevaluar cada 3 años con nueva identificación inicial","Aplicar identificación avanzada-condición aceptable para cada tipo de factor de riesgo identificado") -> Aplicar identificación avanzada-condición aceptable para cada tipo de factor de riesgo identificado
A130: =Datos!A130 -> 0 | B130: =Datos!B130 -> 0 | C130: =Datos!C130 -> 0 | D130: =Datos!D130 -> 0 | E130: 06:30 14:50/17:30 a 02:88 | F130: =Datos!G130 -> 0 | G130: 44 | H130: =Datos!I130 -> 0 | I130: =Datos!J130 -> 0 | Q130: =IF(AND(J130="NO",K130="NO",L130="NO",M130="NO",N130="NO",O130="NO",P130="NO"),"Ausencia total del riesgo, reevaluar cada 3 años con nueva identificación inicial","Aplicar identificación avanzada-condición aceptable para cada tipo de factor de riesgo identificado") -> Aplicar identificación avanzada-condición aceptable para cada tipo de factor de riesgo identificado
A131: =Datos!A131 -> 0 | B131: =Datos!B131 -> 0 | C131: =Datos!C131 -> 0 | D131: =Datos!D131 -> 0 | E131: 06:30 14:50/17:30 a 02:89 | F131: =Datos!G131 -> 0 | G131: 45 | H131: =Datos!I131 -> 0 | I131: =Datos!J131 -> 0 | Q131: =IF(AND(J131="NO",K131="NO",L131="NO",M131="NO",N131="NO",O131="NO",P131="NO"),"Ausencia total del riesgo, reevaluar cada 3 años con nueva identificación inicial","Aplicar identificación avanzada-condición aceptable para cada tipo de factor de riesgo identificado") -> Aplicar identificación avanzada-condición aceptable para cada tipo de factor de riesgo identificado
A132: =Datos!A132 -> 0 | B132: =Datos!B132 -> 0 | C132: =Datos!C132 -> 0 | D132: =Datos!D132 -> 0 | E132: 06:30 14:50/17:30 a 02:90 | F132: =Datos!G132 -> 0 | G132: 46 | H132: =Datos!I132 -> 0 | I132: =Datos!J132 -> 0 | Q132: =IF(AND(J132="NO",K132="NO",L132="NO",M132="NO",N132="NO",O132="NO",P132="NO"),"Ausencia total del riesgo, reevaluar cada 3 años con nueva identificación inicial","Aplicar identificación avanzada-condición aceptable para cada tipo de factor de riesgo identificado") -> Aplicar identificación avanzada-condición aceptable para cada tipo de factor de riesgo identificado
A133: =Datos!A133 -> 0 | B133: =Datos!B133 -> 0 | C133: =Datos!C133 -> 0 | D133: =Datos!D133 -> 0 | E133: 06:30 14:50/17:30 a 02:91 | F133: =Datos!G133 -> 0 | G133: 47 | H133: =Datos!I133 -> 0 | I133: =Datos!J133 -> 0 | Q133: =IF(AND(J133="NO",K133="NO",L133="NO",M133="NO",N133="NO",O133="NO",P133="NO"),"Ausencia total del riesgo, reevaluar cada 3 años con nueva identificación inicial","Aplicar identificación avanzada-condición aceptable para cada tipo de factor de riesgo identificado") -> Aplicar identificación avanzada-condición aceptable para cada tipo de factor de riesgo identificado
A134: =Datos!A134 -> 0 | B134: =Datos!B134 -> 0 | C134: =Datos!C134 -> 0 | D134: =Datos!D134 -> 0 | E134: 06:30 14:50/17:30 a 02:92 | F134: =Datos!G134 -> 0 | G134: 48 | H134: =Datos!I134 -> 0 | I134: =Datos!J134 -> 0 | Q134: =IF(AND(J134="NO",K134="NO",L134="NO",M134="NO",N134="NO",O134="NO",P134="NO"),"Ausencia total del riesgo, reevaluar cada 3 años con nueva identificación inicial","Aplicar identificación avanzada-condición aceptable para cada tipo de factor de riesgo identificado") -> Aplicar identificación avanzada-condición aceptable para cada tipo de factor de riesgo identificado
A135: =Datos!A135 -> 0 | B135: =Datos!B135 -> 0 | C135: =Datos!C135 -> 0 | D135: =Datos!D135 -> 0 | E135: 06:30 14:50/17:30 a 02:93 | F135: =Datos!G135 -> 0 | G135: 49 | H135: =Datos!I135 -> 0 | I135: =Datos!J135 -> 0

Sheet Mov. Rep.
A1: MOVIMIENTO REPETITIVO | F1: Horas extras | H1: N° Trabajadores Expuestos | J1: Tabla II. IDENTIFICACIÓN AVANZADA – Trabajo Repetitivo de Miembros Superiores– Condición Aceptable | Q1: Tabla VI. IDENTIFICACIÓN AVANZADA – Tarea(s) Repetitiva(s) de miembros superiores –– Condición Crítica | X1: Plan de acción
A2: N° | B2: Área de trabajo | C2: Puesto de trabajo | D2: Tareas del puesto de trabajo | E2: Horario de funcionamiento | F2: Por dia | G2: Por Semana | H2: HOMBRE | I2: MUJER | J2: ¿Los miembros superiores trabajan por menos del 50% de la duración total de la tarea repetitiva? | K2: ¿Los codos se mantienen por debajo del nivel de los hombros por al menos el 90% del total de la duración de la(s) tarea(s) repetitiva? | L2: ¿Existe esfuerzo moderado ejercido por el trabajador (Percepción de Esfuerzo máximo 4 según Escala de Borg CR-10) ejercidas por el trabajador por no más de 1 hora mientras dura la(s) tarea(s) repetitiva? | M2: Ausencias de esfuerzo máximo (esfuerzo percibido = 5 o más en la Escala de Borg CR-10) | N2: Presencia de pausas (excluyendo la pausa para almuerzo) que al menos duren 8 minutos cada 2 horas. | O2: ¿Se realiza la tarea repetitiva durante menos de 8 horas al día? | P2: Condición Aceptable | Q2: ¿Las acciones técnicas del miembro superior son tan rápidas que no se pueden contar con una simple observación directa? | R2: Uno o ambos brazos están realizando la tarea con el codo sobre el nivel del hombro por el 50% o más, del tiempo total de trabajo repetitivo | S2: ¿Se utiliza agarre en “pinza" (o todo tipo de tomada usando las puntas de los dedos) por más del 80% de la duración total del trabajo repetitivo? | T2: ¿Se aplica fuerza máxima por el trabajador (esfuerzo percibido = 5 o más en la Escala de Borg CR-10) por 10% o más del tiempo total de la tarea repetitiva? | U2: ¿No hay más de una pausa (Incluyendo el almuerzo) en un turno de 6 a 8 horas? | V2: ¿La duración total de las tareas repetitivas excede 8 horas dentro de un turno? | W2: Condición Crítica | X2: Fecha aplicación identificación avanzada | Y2: Medidas de control (administrativas) | Z2: Medidas de control (Ingeniería) | AA2: Responsable aplicación medida | AB2: Fecha de implementación medidas (Max 90 días) | AC2: Evidencia
A3: =Inicial!A3 -> 1 | B3: =Inicial!B3 -> Congelado | C3: =Inicial!C3 -> Operador sala de cajas | D3: =Inicial!D3 -> Armado de cajas (tapa Vetado) | E3: =IF(Inicial!J3="SI",Inicial!E3,"N/A") -> Am 07:40 a 15:30 Pm 18:10 a 03:30 | F3: =IF(Inicial!J3="SI",Inicial!F3,"N/A") -> 1 | G3: =IF(Inicial!J3="SI",Inicial!G3,"N/A") -> 6 | H3: =IF(Inicial!J3="SI",Inicial!H3,"N/A") -> 11 | I3: =IF(Inicial!J3="SI",Inicial!I3,"N/A") -> 5 | J3: NO | K3: SI | L3: SI | M3: SI | N3: SI | O3: SI | P3: =IF(OR(J3="NO",K3="NO",L3="NO",M3="NO",N3="NO",O3="NO"),"No Aceptable","Aceptable") -> No Aceptable | Q3: NO | R3: NO | S3: NO | T3: NO | U3: NO | V3: NO | W3: =IF(AND(Q3="NO",R3="NO",S3="NO",T3="NO",U3="NO",V3="NO"),"No Critico","Critico") -> No Critico
A4: =Inicial!A4 -> 2 | B4: =Inicial!B4 -> Congelado | C4: =Inicial!C4 -> Operador sala de cajas | D4: =Inicial!D4 -> Armado de cajas (fondo Vetado) | E4: =IF(Inicial!J4="SI",Inicial!E4,"N/A") -> Am 07:40 a 15:30 Pm 18:10 a 03:31 | F4: =IF(Inicial!J4="SI",Inicial!F4,"N/A") -> 1 | G4: =IF(Inicial!J4="SI",Inicial!G4,"N/A") -> 6 | H4: =IF(Inicial!J4="SI",Inicial!H4,"N/A") -> 11 | I4: =IF(Inicial!J4="SI",Inicial!I4,"N/A") -> 5 | J4: NO | K4: SI | L4: SI | M4: SI | N4: SI | O4: SI | P4: =IF(OR(J4="NO",K4="NO",L4="NO",M4="NO",N4="NO",O4="NO"),"No Aceptable","Aceptable") -> No Aceptable | Q4: NO | R4: NO | S4: NO | T4: NO | U4: NO | V4: NO | W4: =IF(AND(Q4="NO",R4="NO",S4="NO",T4="NO",U4="NO",V4="NO"),"No Critico","Critico") -> No Critico
A5: =Inicial!A5 -> 3 | B5: =Inicial!B5 -> Congelado | C5: =Inicial!C5 -> Operador sala de cajas | D5: =Inicial!D5 -> Armado de cajas (Tapa Mloin) | E5: =IF(Inicial!J5="SI",Inicial!E5,"N/A") -> Am 07:40 a 15:30 Pm 18:10 a 03:32 | F5: =IF(Inicial!J5="SI",Inicial!F5,"N/A") -> 1 | G5: =IF(Inicial!J5="SI",Inicial!G5,"N/A") -> 6 | H5: =IF(Inicial!J5="SI",Inicial!H5,"N/A") -> 11 | I5: =IF(Inicial!J5="SI",Inicial!I5,"N/A") -> 5 | J5: NO | K5: SI | L5: SI | M5: SI | N5: SI | O5: SI | P5: =IF(OR(J5="NO",K5="NO",L5="NO",M5="NO",N5="NO",O5="NO"),"No Aceptable","Aceptable") -> No Aceptable | Q5: NO | R5: NO | S5: NO | T5: NO | U5: NO | V5: NO | W5: =IF(AND(Q5="NO",R5="NO",S5="NO",T5="NO",U5="NO",V5="NO"),"No Critico","Critico") -> No Critico
A6: =Inicial!A6 -> 4 | B6: =Inicial!B6 -> Congelado | C6: =Inicial!C6 -> Operador sala de cajas | D6: =Inicial!D6 -> Armado de cajas (Fondo Mloin) | E6: =IF(Inicial!J6="SI",Inicial!E6,"N/A") -> Am 07:40 a 15:30 Pm 18:10 a 03:33 | F6: =IF(Inicial!J6="SI",Inicial!F6,"N/A") -> 1 | G6: =IF(Inicial!J6="SI",Inicial!G6,"N/A") -> 6 | H6: =IF(Inicial!J6="SI",Inicial!H6,"N/A") -> 11 | I6: =IF(Inicial!J6="SI",Inicial!I6,"N/A") -> 5 | J6: NO | K6: SI | L6: SI | M6: SI | N6: SI | O6: SI | P6: =IF(OR(J6="NO",K6="NO",L6="NO",M6="NO",N6="NO",O6="NO"),"No Aceptable","Aceptable") -> No Aceptable | Q6: NO | R6: NO | S6: NO | T6: NO | U6: NO | V6: NO | W6: =IF(AND(Q6="NO",R6="NO",S6="NO",T6="NO",U6="NO",V6="NO"),"No Critico","Critico") -> No Critico
A7: =Inicial!A7 -> 5 | B7: =Inicial!B7 -> Congelado | C7: =Inicial!C7 -> Operador sala de cajas | D7: =Inicial!D7 -> Armado de Cajas Tapa Panceta | E7: =IF(Inicial!J7="SI",Inicial!E7,"N/A") -> Am 07:40 a 15:30 Pm 18:10 a 03:34 | F7: =IF(Inicial!J7="SI",Inicial!F7,"N/A") -> 1 | G7: =IF(Inicial!J7="SI",Inicial!G7,"N/A") -> 6 | H7: =IF(Inicial!J7="SI",Inicial!H7,"N/A") -> 11 | I7: =IF(Inicial!J7="SI",Inicial!I7,"N/A") -> 5 | J7: NO | K7: SI | L7: SI | M7: SI | N7: SI | O7: SI | P7: =IF(OR(J7="NO",K7="NO",L7="NO",M7="NO",N7="NO",O7="NO"),"No Aceptable","Aceptable") -> No Aceptable | Q7: NO | R7: NO | S7: NO | T7: NO | U7: NO | V7: NO | W7: =IF(AND(Q7="NO",R7="NO",S7="NO",T7="NO",U7="NO",V7="NO"),"No Critico","Critico") -> No Critico
A8: =Inicial!A8 -> 6 | B8: =Inicial!B8 -> Congelado | C8: =Inicial!C8 -> Operador sala de cajas | D8: =Inicial!D8 -> Armado Caja Fondo Panceta | E8: =IF(Inicial!J8="SI",Inicial!E8,"N/A") -> Am 07:40 a 15:30 Pm 18:10 a 03:35 | F8: =IF(Inicial!J8="SI",Inicial!F8,"N/A") -> 1 | G8: =IF(Inicial!J8="SI",Inicial!G8,"N/A") -> 6 | H8: =IF(Inicial!J8="SI",Inicial!H8,"N/A") -> 11 | I8: =IF(Inicial!J8="SI",Inicial!I8,"N/A") -> 5 | J8: NO | K8: SI | L8: SI | M8: SI | N8: SI | O8: SI | P8: =IF(OR(J8="NO",K8="NO",L8="NO",M8="NO",N8="NO",O8="NO"),"No Aceptable","Aceptable") -> No Aceptable | Q8: NO | R8: NO | S8: NO | T8: NO | U8: NO | V8: NO | W8: =IF(AND(Q8="NO",R8="NO",S8="NO",T8="NO",U8="NO",V8="NO"),"No Critico","Critico") -> No Critico
A9: =Inicial!A9 -> 7 | B9: =Inicial!B9 -> Congelado | C9: =Inicial!C9 -> Operador sala de cajas | D9: =Inicial!D9 -> Armado de cajas (Tapa Filete) | E9: =IF(Inicial!J9="SI",Inicial!E9,"N/A") -> Am 07:40 a 15:30 Pm 18:10 a 03:36 | F9: =IF(Inicial!J9="SI",Inicial!F9,"N/A") -> 1 | G9: =IF(Inicial!J9="SI",Inicial!G9,"N/A") -> 6 | H9: =IF(Inicial!J9="SI",Inicial!H9,"N/A") -> 11 | I9: =IF(Inicial!J9="SI",Inicial!I9,"N/A") -> 5 | J9: NO | K9: SI | L9: SI | M9: SI | N9: SI | O9: SI | P9: =IF(OR(J9="NO",K9="NO",L9="NO",M9="NO",N9="NO",O9="NO"),"No Aceptable","Aceptable") -> No Aceptable | Q9: NO | R9: NO | S9: NO | T9: NO | U9: NO | V9: NO | W9: =IF(AND(Q9="NO",R9="NO",S9="NO",T9="NO",U9="NO",V9="NO"),"No Critico","Critico") -> No Critico
A10: =Inicial!A10 -> 8 | B10: =Inicial!B10 -> Congelado | C10: =Inicial!C10 -> Operador sala de cajas | D10: =Inicial!D10 -> Armado de cajas (Fondo Filete) | E10: =IF(Inicial!J10="SI",Inicial!E10,"N/A") -> Am 07:40 a 15:30 Pm 18:10 a 03:37 | F10: =IF(Inicial!J10="SI",Inicial!F10,"N/A") -> 1 | G10: =IF(Inicial!J10="SI",Inicial!G10,"N/A") -> 6 | H10: =IF(Inicial!J10="SI",Inicial!H10,"N/A") -> 11 | I10: =IF(Inicial!J10="SI",Inicial!I10,"N/A") -> 5 | J10: NO | K10: SI | L10: SI | M10: SI | N10: SI | O10: SI | P10: =IF(OR(J10="NO",K10="NO",L10="NO",M10="NO",N10="NO",O10="NO"),"No Aceptable","Aceptable") -> No Aceptable | Q10: NO | R10: NO | S10: NO | T10: NO | U10: NO | V10: NO | W10: =IF(AND(Q10="NO",R10="NO",S10="NO",T10="NO",U10="NO",V10="NO"),"No Critico","Critico") -> No Critico
A11: =Inicial!A11 -> 9 | B11: =Inicial!B11 -> Congelado | C11: =Inicial!C11 -> Operador sala de cajas | D11: =Inicial!D11 -> Armado de cajas (Fondo Filete) | E11: =IF(Inicial!J11="SI",Inicial!E11,"N/A") -> Am 07:40 a 15:30 Pm 18:10 a 03:38 | F11: =IF(Inicial!J11="SI",Inicial!F11,"N/A") -> 1 | G11: =IF(Inicial!J11="SI",Inicial!G11,"N/A") -> 6 | H11: =IF(Inicial!J11="SI",Inicial!H11,"N/A") -> 11 | I11: =IF(Inicial!J11="SI",Inicial!I11,"N/A") -> 5 | J11: NO | K11: SI | L11: SI | M11: SI | N11: SI | O11: SI | P11: =IF(OR(J11="NO",K11="NO",L11="NO",M11="NO",N11="NO",O11="NO"),"No Aceptable","Aceptable") -> No Aceptable | Q11: NO | R11: NO | S11: NO | T11: NO | U11: NO | V11: NO | W11: =IF(AND(Q11="NO",R11="NO",S11="NO",T11="NO",U11="NO",V11="NO"),"No Critico","Critico") -> No Critico
A12: =Inicial!A12 -> 10 | B12: =Inicial!B12 -> Congelado | C12: =Inicial!C12 -> Operador sala de cajas | D12: =Inicial!D12 -> Recibir Fondos y tapas | E12: =IF(Inicial!J12="SI",Inicial!E12,"N/A") -> Am 07:40 a 15:30 Pm 18:10 a 03:39 | F12: =IF(Inicial!J12="SI",Inicial!F12,"N/A") -> 1 | G12: =IF(Inicial!J12="SI",Inicial!G12,"N/A") -> 6 | H12: =IF(Inicial!J12="SI",Inicial!H12,"N/A") -> 11 | I12: =IF(Inicial!J12="SI",Inicial!I12,"N/A") -> 5 | J12: NO | K12: SI | L12: SI | M12: SI | N12: SI | O12: SI | P12: =IF(OR(J12="NO",K12="NO",L12="NO",M12="NO",N12="NO",O12="NO"),"No Aceptable","Aceptable") -> No Aceptable | Q12: NO | R12: NO | S12: NO | T12: NO | U12: NO | V12: NO | W12: =IF(AND(Q12="NO",R12="NO",S12="NO",T12="NO",U12="NO",V12="NO"),"No Critico","Critico") -> No Critico
A13: =Inicial!A13 -> 11 | B13: =Inicial!B13 -> Congelado | C13: =Inicial!C13 -> Operador sala de cajas | D13: =Inicial!D13 -> Colgar Fondos y Tapas | E13: =IF(Inicial!J13="SI",Inicial!E13,"N/A") -> Am 07:40 a 15:30 Pm 18:10 a 03:40 | F13: =IF(Inicial!J13="SI",Inicial!F13,"N/A") -> 1 | G13: =IF(Inicial!J13="SI",Inicial!G13,"N/A") -> 6 | H13: =IF(Inicial!J13="SI",Inicial!H13,"N/A") -> 11 | I13: =IF(Inicial!J13="SI",Inicial!I13,"N/A") -> 5 | J13: NO | K13: SI | L13: SI | M13: SI | N13: SI | O13: SI | P13: =IF(OR(J13="NO",K13="NO",L13="NO",M13="NO",N13="NO",O13="NO"),"No Aceptable","Aceptable") -> No Aceptable | Q13: NO | R13: NO | S13: NO | T13: NO | U13: NO | V13: NO | W13: =IF(AND(Q13="NO",R13="NO",S13="NO",T13="NO",U13="NO",V13="NO"),"No Critico","Critico") -> No Critico
A14: =Inicial!A14 -> 12 | B14: =Inicial!B14 -> Congelado | C14: =Inicial!C14 -> Operador sala Congelado | D14: =Inicial!D14 -> Calibrar | E14: =IF(Inicial!J14="SI",Inicial!E14,"N/A") -> Am 07:40 a 15:30 Pm 18:10 a 03:30 | F14: =IF(Inicial!J14="SI",Inicial!F14,"N/A") -> 1 | G14: =IF(Inicial!J14="SI",Inicial!G14,"N/A") -> 6 | H14: =IF(Inicial!J14="SI",Inicial!H14,"N/A") -> 24 | I14: =IF(Inicial!J14="SI",Inicial!I14,"N/A") -> 0 | J14: NO | K14: SI | L14: SI | M14: SI | N14: SI | O14: SI | P14: =IF(OR(J14="NO",K14="NO",L14="NO",M14="NO",N14="NO",O14="NO"),"No Aceptable","Aceptable") -> No Aceptable | Q14: NO | R14: NO | S14: NO | T14: NO | U14: NO | V14: NO | W14: =IF(AND(Q14="NO",R14="NO",S14="NO",T14="NO",U14="NO",V14="NO"),"No Critico","Critico") -> No Critico
... A107: =Inicial!A107 -> 105 | B107: =Inicial!B107 -> Desposte | C107: =Inicial!C107 -> Operador Línea Empaque | D107: =Inicial!D107 -> Direccionado | E107: =IF(Inicial!J107="SI",Inicial!E107,"N/A") -> 06:30 14:50 / 17:30 a 02:50 | F107: =IF(Inicial!J107="SI",Inicial!F107,"N/A") -> 1 | G107: =IF(Inicial!J107="SI",Inicial!G107,"N/A") -> 6 | H107: =IF(Inicial!J107="SI",Inicial!H107,"N/A") -> 36 | I107: =IF(Inicial!J107="SI",Inicial!I107,"N/A") -> 8 | J107: NO | K107: SI | L107: SI | M107: SI | N107: SI | O107: SI | P107: =IF(OR(J107="NO",K107="NO",L107="NO",M107="NO",N107="NO",O107="NO"),"No Aceptable","Aceptable") -> No Aceptable | Q107: NO | R107: NO | S107: NO | T107: NO | U107: NO | V107: NO | W107: =IF(AND(Q107="NO",R107="NO",S107="NO",T107="NO",U107="NO",V107="NO"),"No Critico","Critico") -> No Critico
A108: =Inicial!A108 -> 106 | B108: =Inicial!B108 -> Desposte | C108: =Inicial!C108 -> Operador Línea Empaque | D108: =Inicial!D108 -> Embalado | E108: =IF(Inicial!J108="SI",Inicial!E108,"N/A") -> 06:30 14:50 / 17:30 a 02:50 | F108: =IF(Inicial!J108="SI",Inicial!F108,"N/A") -> 1 | G108: =IF(Inicial!J108="SI",Inicial!G108,"N/A") -> 6 | H108: =IF(Inicial!J108="SI",Inicial!H108,"N/A") -> 36 | I108: =IF(Inicial!J108="SI",Inicial!I108,"N/A") -> 8 | P108: =IF(OR(J108="NO",K108="NO",L108="NO",M108="NO",N108="NO",O108="NO"),"No Aceptable","Aceptable") -> Aceptable | W108: =IF(AND(Q108="NO",R108="NO",S108="NO",T108="NO",U108="NO",V108="NO"),"No Critico","Critico") -> Critico
A109: =Inicial!A109 -> 107 | B109: =Inicial!B109 -> Desposte | C109: =Inicial!C109 -> Operador Línea Empaque | D109: =Inicial!D109 -> PC | E109: =IF(Inicial!J109="SI",Inicial!E109,"N/A") -> 06:30 14:50 / 17:30 a 02:50 | F109: =IF(Inicial!J109="SI",Inicial!F109,"N/A") -> 1 | G109: =IF(Inicial!J109="SI",Inicial!G109,"N/A") -> 6 | H109: =IF(Inicial!J109="SI",Inicial!H109,"N/A") -> 36 | I109: =IF(Inicial!J109="SI",Inicial!I109,"N/A") -> 8 | P109: =IF(OR(J109="NO",K109="NO",L109="NO",M109="NO",N109="NO",O109="NO"),"No Aceptable","Aceptable") -> Aceptable | W109: =IF(AND(Q109="NO",R109="NO",S109="NO",T109="NO",U109="NO",V109="NO"),"No Critico","Critico") -> Critico
A110: =Inicial!A110 -> 108 | B110: =Inicial!B110 -> Desposte | C110: =Inicial!C110 -> Operador Línea Empaque | D110: =Inicial!D110 -> Volteado 100 | E110: =IF(Inicial!J110="SI",Inicial!E110,"N/A") -> 06:30 14:50 / 17:30 a 02:50 | F110: =IF(Inicial!J110="SI",Inicial!F110,"N/A") -> 1 | G110: =IF(Inicial!J110="SI",Inicial!G110,"N/A") -> 6 | H110: =IF(Inicial!J110="SI",Inicial!H110,"N/A") -> 36 | I110: =IF(Inicial!J110="SI",Inicial!I110,"N/A") -> 8 | P110: =IF(OR(J110="NO",K110="NO",L110="NO",M110="NO",N110="NO",O110="NO"),"No Aceptable","Aceptable") -> Aceptable | W110: =IF(AND(Q110="NO",R110="NO",S110="NO",T110="NO",U110="NO",V110="NO"),"No Critico","Critico") -> Critico
A111: =Inicial!A111 -> 109 | B111: =Inicial!B111 -> Desposte | C111: =Inicial!C111 -> Operador Línea Filete y Cabeza | D111: =Inicial!D111 -> Cortar Cabeza | E111: =IF(Inicial!J111="SI",Inicial!E111,"N/A") -> 06:30 14:50 / 17:30 a 02:50 | F111: =IF(Inicial!J111="SI",Inicial!F111,"N/A") -> 1 | G111: =IF(Inicial!J111="SI",Inicial!G111,"N/A") -> 6 | H111: =IF(Inicial!J111="SI",Inicial!H111,"N/A") -> 20 | I111: =IF(Inicial!J111="SI",Inicial!I111,"N/A") -> 6 | P111: =IF(OR(J111="NO",K111="NO",L111="NO",M111="NO",N111="NO",O111="NO"),"No Aceptable","Aceptable") -> Aceptable | W111: =IF(AND(Q111="NO",R111="NO",S111="NO",T111="NO",U111="NO",V111="NO"),"No Critico","Critico") -> Critico
A112: =Inicial!A112 -> 110 | B112: =Inicial!B112 -> Desposte | C112: =Inicial!C112 -> Operador Línea Filete y Cabeza | D112: =Inicial!D112 -> Filetero | E112: =IF(Inicial!J112="SI",Inicial!E112,"N/A") -> 06:30 14:50 / 17:30 a 02:50 | F112: =IF(Inicial!J112="SI",Inicial!F112,"N/A") -> 1 | G112: =IF(Inicial!J112="SI",Inicial!G112,"N/A") -> 6 | H112: =IF(Inicial!J112="SI",Inicial!H112,"N/A") -> 20 | I112: =IF(Inicial!J112="SI",Inicial!I112,"N/A") -> 6 | P112: =IF(OR(J112="NO",K112="NO",L112="NO",M112="NO",N112="NO",O112="NO"),"No Aceptable","Aceptable") -> Aceptable | W112: =IF(AND(Q112="NO",R112="NO",S112="NO",T112="NO",U112="NO",V112="NO"),"No Critico","Critico") -> Critico
A113: =Inicial!A113 -> 111 | B113: =Inicial!B113 -> Desposte | C113: =Inicial!C113 -> Operador Línea Filete y Cabeza | D113: =Inicial!D113 -> Exracción de cuero Axilar | E113: =IF(Inicial!J113="SI",Inicial!E113,"N/A") -> 06:30 14:50 / 17:30 a 02:50 | F113: =IF(Inicial!J113="SI",Inicial!F113,"N/A") -> 1 | G113: =IF(Inicial!J113="SI",Inicial!G113,"N/A") -> 6 | H113: =IF(Inicial!J113="SI",Inicial!H113,"N/A") -> 20 | I113: =IF(Inicial!J113="SI",Inicial!I113,"N/A") -> 6 | P113: =IF(OR(J113="NO",K113="NO",L113="NO",M113="NO",N113="NO",O113="NO"),"No Aceptable","Aceptable") -> Aceptable | W113: =IF(AND(Q113="NO",R113="NO",S113="NO",T113="NO",U113="NO",V113="NO"),"No Critico","Critico") -> Critico
A114: =Inicial!A114 -> 112 | B114: =Inicial!B114 -> Desposte | C114: =Inicial!C114 -> Operador Línea Filete y Cabeza | D114: =Inicial!D114 -> Embalar Perniles | E114: =IF(Inicial!J114="SI",Inicial!E114,"N/A") -> 06:30 14:50 / 17:30 a 02:50 | F114: =IF(Inicial!J114="SI",Inicial!F114,"N/A") -> 1 | G114: =IF(Inicial!J114="SI",Inicial!G114,"N/A") -> 6 | H114: =IF(Inicial!J114="SI",Inicial!H114,"N/A") -> 20 | I114: =IF(Inicial!J114="SI",Inicial!I114,"N/A") -> 6 | P114: =IF(OR(J114="NO",K114="NO",L114="NO",M114="NO",N114="NO",O114="NO"),"No Aceptable","Aceptable") -> Aceptable | W114: =IF(AND(Q114="NO",R114="NO",S114="NO",T114="NO",U114="NO",V114="NO"),"No Critico","Critico") -> Critico
A115: =Inicial!A115 -> 113 | B115: =Inicial!B115 -> Desposte | C115: =Inicial!C115 -> Operador Línea Filete y Cabeza | D115: =Inicial!D115 -> Embalador Perniles | E115: =IF(Inicial!J115="SI",Inicial!E115,"N/A") -> 06:30 14:50 / 17:30 a 02:50 | F115: =IF(Inicial!J115="SI",Inicial!F115,"N/A") -> 1 | G115: =IF(Inicial!J115="SI",Inicial!G115,"N/A") -> 6 | H115: =IF(Inicial!J115="SI",Inicial!H115,"N/A") -> 20 | I115: =IF(Inicial!J115="SI",Inicial!I115,"N/A") -> 6 | P115: =IF(OR(J115="NO",K115="NO",L115="NO",M115="NO",N115="NO",O115="NO"),"No Aceptable","Aceptable") -> Aceptable | W115: =IF(AND(Q115="NO",R115="NO",S115="NO",T115="NO",U115="NO",V115="NO"),"No Critico","Critico") -> Critico
A116: =Inicial!A116 -> 114 | B116: =Inicial!B116 -> Desposte | C116: =Inicial!C116 -> Operador Línea Filete y Cabeza | D116: =Inicial!D116 -> Prolijado Entraña | E116: =IF(Inicial!J116="SI",Inicial!E116,"N/A") -> 06:30 14:50 / 17:30 a 02:50 | F116: =IF(Inicial!J116="SI",Inicial!F116,"N/A") -> 1 | G116: =IF(Inicial!J116="SI",Inicial!G116,"N/A") -> 6 | H116: =IF(Inicial!J116="SI",Inicial!H116,"N/A") -> 20 | I116: =IF(Inicial!J116="SI",Inicial!I116,"N/A") -> 6 | P116: =IF(OR(J116="NO",K116="NO",L116="NO",M116="NO",N116="NO",O116="NO"),"No Aceptable","Aceptable") -> Aceptable | W116: =IF(AND(Q116="NO",R116="NO",S116="NO",T116="NO",U116="NO",V116="NO"),"No Critico","Critico") -> Critico
A117: =Inicial!A117 -> 115 | B117: =Inicial!B117 -> Desposte | C117: =Inicial!C117 -> Operador Línea Filete y Cabeza | D117: =Inicial!D117 -> Embalaje patas y manos | E117: =IF(Inicial!J117="SI",Inicial!E117,"N/A") -> 06:30 14:50 / 17:30 a 02:50 | F117: =IF(Inicial!J117="SI",Inicial!F117,"N/A") -> 1 | G117: =IF(Inicial!J117="SI",Inicial!G117,"N/A") -> 6 | H117: =IF(Inicial!J117="SI",Inicial!H117,"N/A") -> 20 | I117: =IF(Inicial!J117="SI",Inicial!I117,"N/A") -> 6 | P117: =IF(OR(J117="NO",K117="NO",L117="NO",M117="NO",N117="NO",O117="NO"),"No Aceptable","Aceptable") -> Aceptable | W117: =IF(AND(Q117="NO",R117="NO",S117="NO",T117="NO",U117="NO",V117="NO"),"No Critico","Critico") -> Critico
A118: =Inicial!A118 -> 0 | B118: =Inicial!B118 -> 0 | C118: =Inicial!C118 -> 0 | D118: =Inicial!D118 -> 0 | E118: =IF(Inicial!J118="SI",Inicial!E118,"N/A") -> N/A | F118: =IF(Inicial!J118="SI",Inicial!F118,"N/A") -> N/A | G118: =IF(Inicial!J118="SI",Inicial!G118,"N/A") -> N/A | H118: =IF(Inicial!J118="SI",Inicial!H118,"N/A") -> N/A | I118: =IF(Inicial!J118="SI",Inicial!I118,"N/A") -> N/A | P118: =IF(OR(J118="NO",K118="NO",L118="NO",M118="NO",N118="NO",O118="NO"),"No Aceptable","Aceptable") -> Aceptable | W118: =IF(AND(Q118="NO",R118="NO",S118="NO",T118="NO",U118="NO",V118="NO"),"No Critico","Critico") -> Critico
A119: =Inicial!A119 -> 0 | B119: =Inicial!B119 -> 0 | C119: =Inicial!C119 -> 0 | D119: =Inicial!D119 -> 0 | E119: =IF(Inicial!J119="SI",Inicial!E119,"N/A") -> N/A | F119: =IF(Inicial!J119="SI",Inicial!F119,"N/A") -> N/A | G119: =IF(Inicial!J119="SI",Inicial!G119,"N/A") -> N/A | H119: =IF(Inicial!J119="SI",Inicial!H119,"N/A") -> N/A | I119: =IF(Inicial!J119="SI",Inicial!I119,"N/A") -> N/A | P119: =IF(OR(J119="NO",K119="NO",L119="NO",M119="NO",N119="NO",O119="NO"),"No Aceptable","Aceptable") -> Aceptable | W119: =IF(AND(Q119="NO",R119="NO",S119="NO",T119="NO",U119="NO",V119="NO"),"No Critico","Critico") -> Critico
... A208: =Inicial!A208 -> 0 | B208: =Inicial!B208 -> 0 | C208: =Inicial!C208 -> 0 | D208: =Inicial!D208 -> 0 | E208: =IF(Inicial!J208="SI",Inicial!E208,"N/A") -> N/A | F208: =IF(Inicial!J208="SI",Inicial!F208,"N/A") -> N/A | G208: =IF(Inicial!J208="SI",Inicial!G208,"N/A") -> N/A | H208: =IF(Inicial!J208="SI",Inicial!H208,"N/A") -> N/A | I208: =IF(Inicial!J208="SI",Inicial!I208,"N/A") -> N/A | P208: =IF(OR(J208="NO",K208="NO",L208="NO",M208="NO",N208="NO",O208="NO"),"No Aceptable","Aceptable") -> Aceptable | W208: =IF(AND(Q208="NO",R208="NO",S208="NO",T208="NO",U208="NO",V208="NO"),"No Critico","Critico") -> Critico
A209: =Inicial!A205 -> 0 | B209: =Inicial!B205 -> 0 | C209: =Inicial!C205 -> 0 | D209: =Inicial!D205 -> 0 | E209: =IF(Inicial!J205="SI",Inicial!E205,"N/A") -> N/A | F209: =IF(Inicial!J205="SI",Inicial!F205,"N/A") -> N/A | G209: =IF(Inicial!J205="SI",Inicial!G205,"N/A") -> N/A | H209: =IF(Inicial!J205="SI",Inicial!H205,"N/A") -> N/A | I209: =IF(Inicial!J205="SI",Inicial!I205,"N/A") -> N/A | P209: =IF(OR(J209="NO",K209="NO",L209="NO",M209="NO",N209="NO",O209="NO"),"No Aceptable","Aceptable") -> Aceptable | W209: =IF(AND(Q209="NO",R209="NO",S209="NO",T209="NO",U209="NO",V209="NO"),"No Critico","Critico") -> Critico
A210: =Inicial!A206 -> 0 | B210: =Inicial!B206 -> 0 | C210: =Inicial!C206 -> 0 | D210: =Inicial!D206 -> 0 | E210: =IF(Inicial!J206="SI",Inicial!E206,"N/A") -> N/A | F210: =IF(Inicial!J206="SI",Inicial!F206,"N/A") -> N/A | G210: =IF(Inicial!J206="SI",Inicial!G206,"N/A") -> N/A | H210: =IF(Inicial!J206="SI",Inicial!H206,"N/A") -> N/A | I210: =IF(Inicial!J206="SI",Inicial!I206,"N/A") -> N/A | P210: =IF(OR(J210="NO",K210="NO",L210="NO",M210="NO",N210="NO",O210="NO"),"No Aceptable","Aceptable") -> Aceptable | W210: =IF(AND(Q210="NO",R210="NO",S210="NO",T210="NO",U210="NO",V210="NO"),"No Critico","Critico") -> Critico
A211: =Inicial!A207 -> 0 | B211: =Inicial!B207 -> 0 | C211: =Inicial!C207 -> 0 | D211: =Inicial!D207 -> 0 | E211: =IF(Inicial!J207="SI",Inicial!E207,"N/A") -> N/A | F211: =IF(Inicial!J207="SI",Inicial!F207,"N/A") -> N/A | G211: =IF(Inicial!J207="SI",Inicial!G207,"N/A") -> N/A | H211: =IF(Inicial!J207="SI",Inicial!H207,"N/A") -> N/A | I211: =IF(Inicial!J207="SI",Inicial!I207,"N/A") -> N/A | P211: =IF(OR(J211="NO",K211="NO",L211="NO",M211="NO",N211="NO",O211="NO"),"No Aceptable","Aceptable") -> Aceptable | W211: =IF(AND(Q211="NO",R211="NO",S211="NO",T211="NO",U211="NO",V211="NO"),"No Critico","Critico") -> Critico
A212: =Inicial!A208 -> 0 | B212: =Inicial!B208 -> 0 | C212: =Inicial!C208 -> 0 | D212: =Inicial!D208 -> 0 | E212: =IF(Inicial!J208="SI",Inicial!E208,"N/A") -> N/A | F212: =IF(Inicial!J208="SI",Inicial!F208,"N/A") -> N/A | G212: =IF(Inicial!J208="SI",Inicial!G208,"N/A") -> N/A | H212: =IF(Inicial!J208="SI",Inicial!H208,"N/A") -> N/A | I212: =IF(Inicial!J208="SI",Inicial!I208,"N/A") -> N/A | P212: =IF(OR(J212="NO",K212="NO",L212="NO",M212="NO",N212="NO",O212="NO"),"No Aceptable","Aceptable") -> Aceptable | W212: =IF(AND(Q212="NO",R212="NO",S212="NO",T212="NO",U212="NO",V212="NO"),"No Critico","Critico") -> Critico
A213: =Inicial!A209 -> 0 | B213: =Inicial!B209 -> 0 | C213: =Inicial!C209 -> 0 | D213: =Inicial!D209 -> 0 | E213: =IF(Inicial!J209="SI",Inicial!E209,"N/A") -> N/A | F213: =IF(Inicial!J209="SI",Inicial!F209,"N/A") -> N/A | G213: =IF(Inicial!J209="SI",Inicial!G209,"N/A") -> N/A | H213: =IF(Inicial!J209="SI",Inicial!H209,"N/A") -> N/A | I213: =IF(Inicial!J209="SI",Inicial!I209,"N/A") -> N/A | P213: =IF(OR(J213="NO",K213="NO",L213="NO",M213="NO",N213="NO",O213="NO"),"No Aceptable","Aceptable") -> Aceptable | W213: =IF(AND(Q213="NO",R213="NO",S213="NO",T213="NO",U213="NO",V213="NO"),"No Critico","Critico") -> Critico
A214: =Inicial!A210 -> 0 | B214: =Inicial!B210 -> 0 | C214: =Inicial!C210 -> 0 | D214: =Inicial!D210 -> 0 | E214: =IF(Inicial!J210="SI",Inicial!E210,"N/A") -> N/A | F214: =IF(Inicial!J210="SI",Inicial!F210,"N/A") -> N/A | G214: =IF(Inicial!J210="SI",Inicial!G210,"N/A") -> N/A | H214: =IF(Inicial!J210="SI",Inicial!H210,"N/A") -> N/A | I214: =IF(Inicial!J210="SI",Inicial!I210,"N/A") -> N/A | P214: =IF(OR(J214="NO",K214="NO",L214="NO",M214="NO",N214="NO",O214="NO"),"No Aceptable","Aceptable") -> Aceptable | W214: =IF(AND(Q214="NO",R214="NO",S214="NO",T214="NO",U214="NO",V214="NO"),"No Critico","Critico") -> Critico
A215: =Inicial!A211 -> 0 | B215: =Inicial!B211 -> 0 | C215: =Inicial!C211 -> 0 | D215: =Inicial!D211 -> 0 | E215: =IF(Inicial!J211="SI",Inicial!E211,"N/A") -> N/A | F215: =IF(Inicial!J211="SI",Inicial!F211,"N/A") -> N/A | G215: =IF(Inicial!J211="SI",Inicial!G211,"N/A") -> N/A | H215: =IF(Inicial!J211="SI",Inicial!H211,"N/A") -> N/A | I215: =IF(Inicial!J211="SI",Inicial!I211,"N/A") -> N/A | P215: =IF(OR(J215="NO",K215="NO",L215="NO",M215="NO",N215="NO",O215="NO"),"No Aceptable","Aceptable") -> Aceptable | W215: =IF(AND(Q215="NO",R215="NO",S215="NO",T215="NO",U215="NO",V215="NO"),"No Critico","Critico") -> Critico
A216: =Inicial!A212 -> 0 | B216: =Inicial!B212 -> 0 | C216: =Inicial!C212 -> 0 | D216: =Inicial!D212 -> 0 | E216: =IF(Inicial!J212="SI",Inicial!E212,"N/A") -> N/A | F216: =IF(Inicial!J212="SI",Inicial!F212,"N/A") -> N/A | G216: =IF(Inicial!J212="SI",Inicial!G212,"N/A") -> N/A | H216: =IF(Inicial!J212="SI",Inicial!H212,"N/A") -> N/A | I216: =IF(Inicial!J212="SI",Inicial!I212,"N/A") -> N/A | P216: =IF(OR(J216="NO",K216="NO",L216="NO",M216="NO",N216="NO",O216="NO"),"No Aceptable","Aceptable") -> Aceptable | W216: =IF(AND(Q216="NO",R216="NO",S216="NO",T216="NO",U216="NO",V216="NO"),"No Critico","Critico") -> Critico
A217: =Inicial!A213 -> 0 | B217: =Inicial!B213 -> 0 | C217: =Inicial!C213 -> 0 | D217: =Inicial!D213 -> 0 | E217: =IF(Inicial!J213="SI",Inicial!E213,"N/A") -> N/A | F217: =IF(Inicial!J213="SI",Inicial!F213,"N/A") -> N/A | G217: =IF(Inicial!J213="SI",Inicial!G213,"N/A") -> N/A | H217: =IF(Inicial!J213="SI",Inicial!H213,"N/A") -> N/A | I217: =IF(Inicial!J213="SI",Inicial!I213,"N/A") -> N/A | P217: =IF(OR(J217="NO",K217="NO",L217="NO",M217="NO",N217="NO",O217="NO"),"No Aceptable","Aceptable") -> Aceptable | W217: =IF(AND(Q217="NO",R217="NO",S217="NO",T217="NO",U217="NO",V217="NO"),"No Critico","Critico") -> Critico
A218: =Inicial!A214 -> 0 | P218: =IF(OR(J218="NO",K218="NO",L218="NO",M218="NO",N218="NO",O218="NO"),"No Aceptable","Aceptable") -> Aceptable | W218: =IF(AND(Q218="NO",R218="NO",S218="NO",T218="NO",U218="NO",V218="NO"),"No Critico","Critico") -> Critico
A219: =Inicial!A215 -> 0 | P219: =IF(OR(J219="NO",K219="NO",L219="NO",M219="NO",N219="NO",O219="NO"),"No Aceptable","Aceptable") -> Aceptable | W219: =IF(AND(Q219="NO",R219="NO",S219="NO",T219="NO",U219="NO",V219="NO"),"No Critico","Critico") -> Critico
A220: =Inicial!A216 -> 0 | P220: =IF(OR(J220="NO",K220="NO",L220="NO",M220="NO",N220="NO",O220="NO"),"No Aceptable","Aceptable") -> Aceptable | W220: =IF(AND(Q220="NO",R220="NO",S220="NO",T220="NO",U220="NO",V220="NO"),"No Critico","Critico") -> Critico
A221: =Inicial!A217 -> 0 | P221: =IF(OR(J221="NO",K221="NO",L221="NO",M221="NO",N221="NO",O221="NO"),"No Aceptable","Aceptable") -> Aceptable | W221: =IF(AND(Q221="NO",R221="NO",S221="NO",T221="NO",U221="NO",V221="NO"),"No Critico","Critico") -> Critico
A222: =Inicial!A218 -> 0 | P222: =IF(OR(J222="NO",K222="NO",L222="NO",M222="NO",N222="NO",O222="NO"),"No Aceptable","Aceptable") -> Aceptable | W222: =IF(AND(Q222="NO",R222="NO",S222="NO",T222="NO",U222="NO",V222="NO"),"No Critico","Critico") -> Critico
A223: =Inicial!A219 -> 0 | P223: =IF(OR(J223="NO",K223="NO",L223="NO",M223="NO",N223="NO",O223="NO"),"No Aceptable","Aceptable") -> Aceptable | W223: =IF(AND(Q223="NO",R223="NO",S223="NO",T223="NO",U223="NO",V223="NO"),"No Critico","Critico") -> Critico
A224: =Inicial!A220 -> 0 | P224: =IF(OR(J224="NO",K224="NO",L224="NO",M224="NO",N224="NO",O224="NO"),"No Aceptable","Aceptable") -> Aceptable | W224: =IF(AND(Q224="NO",R224="NO",S224="NO",T224="NO",U224="NO",V224="NO"),"No Critico","Critico") -> Critico
A225: =Inicial!A221 -> 0 | P225: =IF(OR(J225="NO",K225="NO",L225="NO",M225="NO",N225="NO",O225="NO"),"No Aceptable","Aceptable") -> Aceptable | W225: =IF(AND(Q225="NO",R225="NO",S225="NO",T225="NO",U225="NO",V225="NO"),"No Critico","Critico") -> Critico
A226: =Inicial!A222 -> 0 | P226: =IF(OR(J226="NO",K226="NO",L226="NO",M226="NO",N226="NO",O226="NO"),"No Aceptable","Aceptable") -> Aceptable | W226: =IF(AND(Q226="NO",R226="NO",S226="NO",T226="NO",U226="NO",V226="NO"),"No Critico","Critico") -> Critico
A227: =Inicial!A223 -> 0 | P227: =IF(OR(J227="NO",K227="NO",L227="NO",M227="NO",N227="NO",O227="NO"),"No Aceptable","Aceptable") -> Aceptable | W227: =IF(AND(Q227="NO",R227="NO",S227="NO",T227="NO",U227="NO",V227="NO"),"No Critico","Critico") -> Critico
A228: =Inicial!A224 -> 0 | P228: =IF(OR(J228="NO",K228="NO",L228="NO",M228="NO",N228="NO",O228="NO"),"No Aceptable","Aceptable") -> Aceptable | W228: =IF(AND(Q228="NO",R228="NO",S228="NO",T228="NO",U228="NO",V228="NO"),"No Critico","Critico") -> Critico
A229: =Inicial!A225 -> 0 | P229: =IF(OR(J229="NO",K229="NO",L229="NO",M229="NO",N229="NO",O229="NO"),"No Aceptable","Aceptable") -> Aceptable | W229: =IF(AND(Q229="NO",R229="NO",S229="NO",T229="NO",U229="NO",V229="NO"),"No Critico","Critico") -> Critico
... A249: =Inicial!A245 -> 0 | P249: =IF(OR(J249="NO",K249="NO",L249="NO",M249="NO",N249="NO",O249="NO"),"No Aceptable","Aceptable") -> Aceptable | W249: =IF(AND(Q249="NO",R249="NO",S249="NO",T249="NO",U249="NO",V249="NO"),"No Critico","Critico") -> Critico

Sheet Postura estatica
A1: Postura Estatica | F1: Horas extras | H1: N° Trabajadores Expuestos | J1: Tabla III. IDENTIFICACIÓN AVANZADA – Tarea(s) con Posturas Estáticas e incómodas de Trabajo – Condición Aceptable (CABEZA Y TRONCO) | Q1: Tabla III. IDENTIFICACIÓN AVANZADA – Tarea(s) con Posturas Estáticas e incómodas de Trabajo – Condición Aceptable Identificación de posturas de miembros superiores (Evaluar miembro con mayor exigencia) | X1: Tabla III. IDENTIFICACIÓN AVANZADA – Tarea(s) con Posturas Estáticas e incómodas de Trabajo – Condición Aceptable Identificación de posturas de Miembros Inferiores (Evaluar miembro con mayor exigencia) | AE1: Tabla VII. IDENTIFICACIÓN AVANZADA – Tarea(s) con Posturas Estáticas de Trabajo – Condición Crítica (CABEZA Y TRONCO) | AL1: Identificación de posturas de miembros superiores (Evaluar miembro con mayor exigencia) | AQ1: Identificación de posturas de Miembros Inferiores (Evaluar miembro con mayor exigencia) | AW1: Plan Acción
A2: N° | B2: Área de trabajo | C2: Puesto de trabajo | D2: Tareas del puesto de trabajo | E2: Horario de funcionamiento | F2: Por dia | G2: Por Semana | H2: HOMBRE | I2: MUJER | J2: ¿Las posturas de tronco y cuello son simétricas? | K2: En caso de haber flexión de tronco (inclinación hacia delante), ¿es menor a 20º?, o en caso de existir extensión (inclinación hacia atrás), ¿el tronco está totalmente apoyado? | L2: Si existe flexión de tronco entre 20º y 60º, ¿este se encuentra totalmente apoyado? | M2: ¿Está ausente la extensión de cuello? | N2: En caso de que exista flexión de cuello, ¿no supera los 25º? | O2: Estando la cabeza inclinada hacia atrás (extensión), ¿se encuentra totalmente apoyada?, o en caso de inclinación anterior (flexión), ¿está a menos de 25º? | P2: Si está sentado, ¿la curvatura de la espalda se mantiene no forzada? | Q2: Miembro con mayor exigencia | R2: ¿Están ausentes las posturas de MMSS separadas del cuerpo, elevadas sobre nivel de hombro de manera sostenida y no apoyadas? | S2: ¿Los hombros no se encuentran levantados? | T2: Estando el brazo sin apoyo completo, ¿La elevación del miembro superior es menor a 20°? | U2: Con el brazo totalmente apoyado, ¿la elevación del miembro superior no supera los 60°? | V2: ¿Están ausentes la flexión / extensión extrema de codo y la rotación extrema de antebrazo? | W2: ¿Está ausente el giro extremo del antebrazo? | X2: Miembro con mayor exigencia | Y2: ¿Está ausente la flexión extrema de rodilla? | Z2: En postura de pie ¿La rodilla no está en flexión? | AA2: ¿El tobillo está en posición neutra? | AB2: ¿Están ausentes las posiciones cuclillas y arrodillado? | AC2: Cuando está sentado, ¿El ángulo de la rodilla está entre 90º y 135º? | AD2: Condición Aceptable | AE2: ¿La postura de tronco o la postura de cuello están en rangos extremos? | AF2: ¿Existe flexión de tronco (inclinación hacia adelante) de 60° o más? | AG2: ¿Existe flexión de tronco (aun cuando sea levemente) durante más de 4 minutos? | AH2: ¿Está la cabeza extendida (inclinada hacia atrás) sin apoyo? | AI2: ¿Está la cabeza en flexión (inclinación hacia adelante) de 85° o más? | AJ2: ¿Está la cabeza en flexión (aun cuando sea levemente) durante más de 8 minutos? | AK2: Si está sentado, ¿la espalda (región lumbar) está forzada y no logra mantener la curvatura natural? | AL2: ¿Hay posturas de brazos que los trabajadores relaten como muy incomodas y que les impiden el normal desenvolvimiento? | AM2: ¿Los hombros se encuentran levantados sobre los 60°? | AN2: ¿Los hombros se encuentran levantados (aún cuando sea levemente) durante más de 3 minutos? | AO2: ¿Hay flexión / extensión extrema de codo y rotación extrema de antebrazo? | AP2: ¿Hay giro extremo de muñeca? | AQ2: ¿Hay flexión extrema de rodilla (posición de cuclillas o sentado en los talones)? | AR2: Estando en postura de pie, ¿la rodilla se encuentra en flexión leve sostenida? | AS2: ¿El tobillo se encuentra en una posición extrema de flexión o extensión? | AT2: ¿Se adoptan posiciones en cuclillas y/o arrodillado de la rodilla? | AU2: Estando sentado, ¿la angulación de rodilla es menor de 90° y mayor de 135°? | AV2: Condición Crítica | AW2: Fecha aplicación identificación avanzada | AX2: Medidas de control (administrativas) | AY2: Medidas de control (Ingeniería) | AZ2: Responsable aplicación medida | BA2: Fecha de implementación medidas (Max 90 días) | BB2: Evidencia
A3: =Inicial!A3 -> 1 | B3: =Inicial!B3 -> Congelado | C3: =Inicial!C3 -> Operador sala de cajas | D3: =Inicial!D3 -> Armado de cajas (tapa Vetado) | E3: =IF(Inicial!K3="SI",Inicial!E3,"N/A") -> N/A | F3: =IF(Inicial!K3="SI",Inicial!F3,"N/A") -> N/A | G3: =IF(Inicial!K3="SI",Inicial!G3,"N/A") -> N/A | H3: =IF(Inicial!K3="SI",Inicial!H3,"N/A") -> N/A | I3: =IF(Inicial!K3="SI",Inicial!I3,"N/A") -> N/A | J3: N/A | K3: N/A | L3: N/A | M3: N/A | N3: N/A | O3: N/A | P3: N/A | Q3: N/A | R3: N/A | S3: N/A | T3: N/A | U3: N/A | V3: N/A | W3: N/A | X3: N/A | Y3: N/A | Z3: N/A | AA3: N/A | AB3: N/A | AC3: N/A | AD3: =IF(OR(J3="NO",K3="NO",L3="NO",M3="NO",N3="NO",O3="NO",P3="NO",R3="NO",S3="NO",T3="NO",U3="NO", V3="NO",W3="NO",Y3="NO",Z3="NO",AA3="NO",AB3="NO",AC3="NO"),"No aceptable","Aceptable") -> Aceptable | AI3: SI | AV3: {=IF(OR(AE3:AU3="SI"),"Critico","No critico")} -> Critico
A4: =Inicial!A4 -> 2 | B4: =Inicial!B4 -> Congelado | C4: =Inicial!C4 -> Operador sala de cajas | D4: =Inicial!D4 -> Armado de cajas (fondo Vetado) | E4: =IF(Inicial!K4="SI",Inicial!E4,"N/A") -> N/A | F4: =IF(Inicial!K4="SI",Inicial!F4,"N/A") -> N/A | G4: =IF(Inicial!K4="SI",Inicial!G4,"N/A") -> N/A | H4: =IF(Inicial!K4="SI",Inicial!H4,"N/A") -> N/A | I4: =IF(Inicial!K4="SI",Inicial!I4,"N/A") -> N/A | J4: N/A | K4: N/A | L4: N/A | M4: N/A | N4: N/A | O4: N/A | P4: N/A | Q4: N/A | R4: N/A | S4: N/A | T4: N/A | U4: N/A | V4: N/A | W4: N/A | X4: N/A | Y4: N/A | Z4: N/A | AA4: N/A | AB4: N/A | AC4: N/A | AD4: =IF(OR(J4="NO",K4="NO",L4="NO",M4="NO",N4="NO",O4="NO",P4="NO",R4="NO",S4="NO",T4="NO",U4="NO", V4="NO",W4="NO",Y4="NO",Z4="NO",AA4="NO",AB4="NO",AC4="NO"),"No aceptable","Aceptable") -> Aceptable | AV4: {=IF(OR(AE4:AU4="SI"),"Critico","No critico")} -> No critico
A5: =Inicial!A5 -> 3 | B5: =Inicial!B5 -> Congelado | C5: =Inicial!C5 -> Operador sala de cajas | D5: =Inicial!D5 -> Armado de cajas (Tapa Mloin) | E5: =IF(Inicial!K5="SI",Inicial!E5,"N/A") -> N/A | F5: =IF(Inicial!K5="SI",Inicial!F5,"N/A") -> N/A | G5: =IF(Inicial!K5="SI",Inicial!G5,"N/A") -> N/A | H5: =IF(Inicial!K5="SI",Inicial!H5,"N/A") -> N/A | I5: =IF(Inicial!K5="SI",Inicial!I5,"N/A") -> N/A | J5: N/A | K5: N/A | L5: N/A | M5: N/A | N5: N/A | O5: N/A | P5: N/A | Q5: N/A | R5: N/A | S5: N/A | T5: N/A | U5: N/A | V5: N/A | W5: N/A | X5: N/A | Y5: N/A | Z5: N/A | AA5: N/A | AB5: N/A | AC5: N/A | AD5: =IF(OR(J5="NO",K5="NO",L5="NO",M5="NO",N5="NO",O5="NO",P5="NO",R5="NO",S5="NO",T5="NO",U5="NO", V5="NO",W5="NO",Y5="NO",Z5="NO",AA5="NO",AB5="NO",AC5="NO"),"No aceptable","Aceptable") -> Aceptable | AV5: {=IF(OR(AE5:AU5="SI"),"Critico","No critico")} -> No critico
A6: =Inicial!A6 -> 4 | B6: =Inicial!B6 -> Congelado | C6: =Inicial!C6 -> Operador sala de cajas | D6: =Inicial!D6 -> Armado de cajas (Fondo Mloin) | E6: =IF(Inicial!K6="SI",Inicial!E6,"N/A") -> N/A | F6: =IF(Inicial!K6="SI",Inicial!F6,"N/A") -> N/A | G6: =IF(Inicial!K6="SI",Inicial!G6,"N/A") -> N/A | H6: =IF(Inicial!K6="SI",Inicial!H6,"N/A") -> N/A | I6: =IF(Inicial!K6="SI",Inicial!I6,"N/A") -> N/A | J6: N/A | K6: N/A | L6: N/A | M6: N/A | N6: N/A | O6: N/A | P6: N/A | Q6: N/A | R6: N/A | S6: N/A | T6: N/A | U6: N/A | V6: N/A | W6: N/A | X6: N/A | Y6: N/A | Z6: N/A | AA6: N/A | AB6: N/A | AC6: N/A | AD6: =IF(OR(J6="NO",K6="NO",L6="NO",M6="NO",N6="NO",O6="NO",P6="NO",R6="NO",S6="NO",T6="NO",U6="NO", V6="NO",W6="NO",Y6="NO",Z6="NO",AA6="NO",AB6="NO",AC6="NO"),"No aceptable","Aceptable") -> Aceptable | AV6: {=IF(OR(AE6:AU6="SI"),"Critico","No critico")} -> No critico
A7: =Inicial!A7 -> 5 | B7: =Inicial!B7 -> Congelado | C7: =Inicial!C7 -> Operador sala de cajas | D7: =Inicial!D7 -> Armado de Cajas Tapa Panceta | E7: =IF(Inicial!K7="SI",Inicial!E7,"N/A") -> N/A | F7: =IF(Inicial!K7="SI",Inicial!F7,"N/A") -> N/A | G7: =IF(Inicial!K7="SI",Inicial!G7,"N/A") -> N/A | H7: =IF(Inicial!K7="SI",Inicial!H7,"N/A") -> N/A | I7: =IF(Inicial!K7="SI",Inicial!I7,"N/A") -> N/A | J7: N/A | K7: N/A | L7: N/A | M7: N/A | N7: N/A | O7: N/A | P7: N/A | Q7: N/A | R7: N/A | S7: N/A | T7: N/A | U7: N/A | V7: N/A | W7: N/A | X7: N/A | Y7: N/A | Z7: N/A | AA7: N/A | AB7: N/A | AC7: N/A | AD7: =IF(OR(J7="NO",K7="NO",L7="NO",M7="NO",N7="NO",O7="NO",P7="NO",R7="NO",S7="NO",T7="NO",U7="NO", V7="NO",W7="NO",Y7="NO",Z7="NO",AA7="NO",AB7="NO",AC7="NO"),"No aceptable","Aceptable") -> Aceptable | AV7: {=IF(OR(AE7:AU7="SI"),"Critico","No critico")} -> No critico
A8: =Inicial!A8 -> 6 | B8: =Inicial!B8 -> Congelado | C8: =Inicial!C8 -> Operador sala de cajas | D8: =Inicial!D8 -> Armado Caja Fondo Panceta | E8: =IF(Inicial!K8="SI",Inicial!E8,"N/A") -> N/A | F8: =IF(Inicial!K8="SI",Inicial!F8,"N/A") -> N/A | G8: =IF(Inicial!K8="SI",Inicial!G8,"N/A") -> N/A | H8: =IF(Inicial!K8="SI",Inicial!H8,"N/A") -> N/A | I8: =IF(Inicial!K8="SI",Inicial!I8,"N/A") -> N/A | J8: N/A | K8: N/A | L8: N/A | M8: N/A | N8: N/A | O8: N/A | P8: N/A | Q8: N/A | R8: N/A | S8: N/A | T8: N/A | U8: N/A | V8: N/A | W8: N/A | X8: N/A | Y8: N/A | Z8: N/A | AA8: N/A | AB8: N/A | AC8: N/A | AD8: =IF(OR(J8="NO",K8="NO",L8="NO",M8="NO",N8="NO",O8="NO",P8="NO",R8="NO",S8="NO",T8="NO",U8="NO", V8="NO",W8="NO",Y8="NO",Z8="NO",AA8="NO",AB8="NO",AC8="NO"),"No aceptable","Aceptable") -> Aceptable | AV8: {=IF(OR(AE8:AU8="SI"),"Critico","No critico")} -> No critico
A9: =Inicial!A9 -> 7 | B9: =Inicial!B9 -> Congelado | C9: =Inicial!C9 -> Operador sala de cajas | D9: =Inicial!D9 -> Armado de cajas (Tapa Filete) | E9: =IF(Inicial!K9="SI",Inicial!E9,"N/A") -> N/A | F9: =IF(Inicial!K9="SI",Inicial!F9,"N/A") -> N/A | G9: =IF(Inicial!K9="SI",Inicial!G9,"N/A") -> N/A | H9: =IF(Inicial!K9="SI",Inicial!H9,"N/A") -> N/A | I9: =IF(Inicial!K9="SI",Inicial!I9,"N/A") -> N/A | J9: N/A | K9: N/A | L9: N/A | M9: N/A | N9: N/A | O9: N/A | P9: N/A | Q9: N/A | R9: N/A | S9: N/A | T9: N/A | U9: N/A | V9: N/A | W9: N/A | X9: N/A | Y9: N/A | Z9: N/A | AA9: N/A | AB9: N/A | AC9: N/A | AD9: =IF(OR(J9="NO",K9="NO",L9="NO",M9="NO",N9="NO",O9="NO",P9="NO",R9="NO",S9="NO",T9="NO",U9="NO", V9="NO",W9="NO",Y9="NO",Z9="NO",AA9="NO",AB9="NO",AC9="NO"),"No aceptable","Aceptable") -> Aceptable | AV9: {=IF(OR(AE9:AU9="SI"),"Critico","No critico")} -> No critico
A10: =Inicial!A10 -> 8 | B10: =Inicial!B10 -> Congelado | C10: =Inicial!C10 -> Operador sala de cajas | D10: =Inicial!D10 -> Armado de cajas (Fondo Filete) | E10: =IF(Inicial!K10="SI",Inicial!E10,"N/A") -> N/A | F10: =IF(Inicial!K10="SI",Inicial!F10,"N/A") -> N/A | G10: =IF(Inicial!K10="SI",Inicial!G10,"N/A") -> N/A | H10: =IF(Inicial!K10="SI",Inicial!H10,"N/A") -> N/A | I10: =IF(Inicial!K10="SI",Inicial!I10,"N/A") -> N/A | J10: N/A | K10: N/A | L10: N/A | M10: N/A | N10: N/A | O10: N/A | P10: N/A | Q10: N/A | R10: N/A | S10: N/A | T10: N/A | U10: N/A | V10: N/A | W10: N/A | X10: N/A | Y10: N/A | Z10: N/A | AA10: N/A | AB10: N/A | AC10: N/A | AD10: =IF(OR(J10="NO",K10="NO",L10="NO",M10="NO",N10="NO",O10="NO",P10="NO",R10="NO",S10="NO",T10="NO",U10="NO", V10="NO",W10="NO",Y10="NO",Z10="NO",AA10="NO",AB10="NO",AC10="NO"),"No aceptable","Aceptable") -> Aceptable | AV10: {=IF(OR(AE10:AU10="SI"),"Critico","No critico")} -> No critico
A11: =Inicial!A11 -> 9 | B11: =Inicial!B11 -> Congelado | C11: =Inicial!C11 -> Operador sala de cajas | D11: =Inicial!D11 -> Armado de cajas (Fondo Filete) | E11: =IF(Inicial!K11="SI",Inicial!E11,"N/A") -> N/A | F11: =IF(Inicial!K11="SI",Inicial!F11,"N/A") -> N/A | G11: =IF(Inicial!K11="SI",Inicial!G11,"N/A") -> N/A | H11: =IF(Inicial!K11="SI",Inicial!H11,"N/A") -> N/A | I11: =IF(Inicial!K11="SI",Inicial!I11,"N/A") -> N/A | J11: N/A | K11: N/A | L11: N/A | M11: N/A | N11: N/A | O11: N/A | P11: N/A | Q11: N/A | R11: N/A | S11: N/A | T11: N/A | U11: N/A | V11: N/A | W11: N/A | X11: N/A | Y11: N/A | Z11: N/A | AA11: N/A | AB11: N/A | AC11: N/A | AD11: =IF(OR(J11="NO",K11="NO",L11="NO",M11="NO",N11="NO",O11="NO",P11="NO",R11="NO",S11="NO",T11="NO",U11="NO", V11="NO",W11="NO",Y11="NO",Z11="NO",AA11="NO",AB11="NO",AC11="NO"),"No aceptable","Aceptable") -> Aceptable | AV11: {=IF(OR(AE11:AU11="SI"),"Critico","No critico")} -> No critico
A12: =Inicial!A12 -> 10 | B12: =Inicial!B12 -> Congelado | C12: =Inicial!C12 -> Operador sala de cajas | D12: =Inicial!D12 -> Recibir Fondos y tapas | E12: =IF(Inicial!K12="SI",Inicial!E12,"N/A") -> N/A | F12: =IF(Inicial!K12="SI",Inicial!F12,"N/A") -> N/A | G12: =IF(Inicial!K12="SI",Inicial!G12,"N/A") -> N/A | H12: =IF(Inicial!K12="SI",Inicial!H12,"N/A") -> N/A | I12: =IF(Inicial!K12="SI",Inicial!I12,"N/A") -> N/A | J12: N/A | K12: N/A | L12: N/A | M12: N/A | N12: N/A | O12: N/A | P12: N/A | Q12: N/A | R12: N/A | S12: N/A | T12: N/A | U12: N/A | V12: N/A | W12: N/A | X12: N/A | Y12: N/A | Z12: N/A | AA12: N/A | AB12: N/A | AC12: N/A | AD12: =IF(OR(J12="NO",K12="NO",L12="NO",M12="NO",N12="NO",O12="NO",P12="NO",R12="NO",S12="NO",T12="NO",U12="NO", V12="NO",W12="NO",Y12="NO",Z12="NO",AA12="NO",AB12="NO",AC12="NO"),"No aceptable","Aceptable") -> Aceptable | AV12: {=IF(OR(AE12:AU12="SI"),"Critico","No critico")} -> No critico
A13: =Inicial!A13 -> 11 | B13: =Inicial!B13 -> Congelado | C13: =Inicial!C13 -> Operador sala de cajas | D13: =Inicial!D13 -> Colgar Fondos y Tapas | E13: =IF(Inicial!K13="SI",Inicial!E13,"N/A") -> N/A | F13: =IF(Inicial!K13="SI",Inicial!F13,"N/A") -> N/A | G13: =IF(Inicial!K13="SI",Inicial!G13,"N/A") -> N/A | H13: =IF(Inicial!K13="SI",Inicial!H13,"N/A") -> N/A | I13: =IF(Inicial!K13="SI",Inicial!I13,"N/A") -> N/A | J13: N/A | K13: N/A | L13: N/A | M13: N/A | N13: N/A | O13: N/A | P13: N/A | Q13: N/A | R13: N/A | S13: N/A | T13: N/A | U13: N/A | V13: N/A | W13: N/A | X13: N/A | Y13: N/A | Z13: N/A | AA13: N/A | AB13: N/A | AC13: N/A | AD13: =IF(OR(J13="NO",K13="NO",L13="NO",M13="NO",N13="NO",O13="NO",P13="NO",R13="NO",S13="NO",T13="NO",U13="NO", V13="NO",W13="NO",Y13="NO",Z13="NO",AA13="NO",AB13="NO",AC13="NO"),"No aceptable","Aceptable") -> Aceptable | AV13: {=IF(OR(AE13:AU13="SI"),"Critico","No critico")} -> No critico
A14: =Inicial!A14 -> 12 | B14: =Inicial!B14 -> Congelado | C14: =Inicial!C14 -> Operador sala Congelado | D14: =Inicial!D14 -> Calibrar | E14: =IF(Inicial!K14="SI",Inicial!E14,"N/A") -> N/A | F14: =IF(Inicial!K14="SI",Inicial!F14,"N/A") -> N/A | G14: =IF(Inicial!K14="SI",Inicial!G14,"N/A") -> N/A | H14: =IF(Inicial!K14="SI",Inicial!H14,"N/A") -> N/A | I14: =IF(Inicial!K14="SI",Inicial!I14,"N/A") -> N/A | J14: N/A | K14: N/A | L14: N/A | M14: N/A | N14: N/A | O14: N/A | P14: N/A | Q14: N/A | R14: N/A | S14: N/A | T14: N/A | U14: N/A | V14: N/A | W14: N/A | X14: N/A | Y14: N/A | Z14: N/A | AA14: N/A | AB14: N/A | AC14: N/A | AD14: =IF(OR(J14="NO",K14="NO",L14="NO",M14="NO",N14="NO",O14="NO",P14="NO",R14="NO",S14="NO",T14="NO",U14="NO", V14="NO",W14="NO",Y14="NO",Z14="NO",AA14="NO",AB14="NO",AC14="NO"),"No aceptable","Aceptable") -> Aceptable | AV14: {=IF(OR(AE14:AU14="SI"),"Critico","No critico")} -> No critico
A15: =Inicial!A15 -> 13 | B15: =Inicial!B15 -> Congelado | C15: =Inicial!C15 -> Operador sala Congelado | D15: =Inicial!D15 -> Palletizar | E15: =IF(Inicial!K15="SI",Inicial!E15,"N/A") -> N/A | F15: =IF(Inicial!K15="SI",Inicial!F15,"N/A") -> N/A | G15: =IF(Inicial!K15="SI",Inicial!G15,"N/A") -> N/A | H15: =IF(Inicial!K15="SI",Inicial!H15,"N/A") -> N/A | I15: =IF(Inicial!K15="SI",Inicial!I15,"N/A") -> N/A | J15: N/A | K15: N/A | L15: N/A | M15: N/A | N15: N/A | O15: N/A | P15: N/A | Q15: N/A | R15: N/A | S15: N/A | T15: N/A | U15: N/A | V15: N/A | W15: N/A | X15: N/A | Y15: N/A | Z15: N/A | AA15: N/A | AB15: N/A | AC15: N/A | AD15: =IF(OR(J15="NO",K15="NO",L15="NO",M15="NO",N15="NO",O15="NO",P15="NO",R15="NO",S15="NO",T15="NO",U15="NO", V15="NO",W15="NO",Y15="NO",Z15="NO",AA15="NO",AB15="NO",AC15="NO"),"No aceptable","Aceptable") -> Aceptable | AV15: {=IF(OR(AE15:AU15="SI"),"Critico","No critico")} -> No critico
... A55: =Inicial!A55 -> 53 | B55: =Inicial!B55 -> Desposte | C55: =Inicial!C55 -> Operador Línea Chuletas | D55: =Inicial!D55 -> Prolijado lomo tecla | E55: =IF(Inicial!K55="SI",Inicial!E55,"N/A") -> N/A | F55: =IF(Inicial!K55="SI",Inicial!F55,"N/A") -> N/A | G55: =IF(Inicial!K55="SI",Inicial!G55,"N/A") -> N/A | H55: =IF(Inicial!K55="SI",Inicial!H55,"N/A") -> N/A | I55: =IF(Inicial!K55="SI",Inicial!I55,"N/A") -> N/A | J55: N/A | K55: N/A | L55: N/A | M55: N/A | N55: N/A | O55: N/A | P55: N/A | Q55: N/A | R55: N/A | S55: N/A | T55: N/A | U55: N/A | V55: N/A | W55: N/A | X55: N/A | Y55: N/A | Z55: N/A | AA55: N/A | AB55: N/A | AC55: N/A | AD55: =IF(OR(J55="NO",K55="NO",L55="NO",M55="NO",N55="NO",O55="NO",P55="NO",R55="NO",S55="NO",T55="NO",U55="NO", V55="NO",W55="NO",Y55="NO",Z55="NO",AA55="NO",AB55="NO",AC55="NO"),"No aceptable","Aceptable") -> Aceptable | AV55: {=IF(OR(AE55:AU55="SI"),"Critico","No critico")} -> No critico
A56: =Inicial!#REF! -> #REF! | B56: =Inicial!#REF! -> #REF! | C56: =Inicial!#REF! -> #REF! | D56: =Inicial!#REF! -> #REF! | E56: =IF(Inicial!#REF!="SI",Inicial!#REF!,"N/A") -> #REF! | F56: =IF(Inicial!#REF!="SI",Inicial!#REF!,"N/A") -> #REF! | G56: =IF(Inicial!#REF!="SI",Inicial!#REF!,"N/A") -> #REF! | H56: =IF(Inicial!#REF!="SI",Inicial!#REF!,"N/A") -> #REF! | I56: =IF(Inicial!#REF!="SI",Inicial!#REF!,"N/A") -> #REF! | J56: N/A | K56: N/A | L56: N/A | M56: N/A | N56: N/A | O56: N/A | P56: N/A | Q56: N/A | R56: N/A | S56: N/A | T56: N/A | U56: N/A | V56: N/A | W56: N/A | X56: N/A | Y56: N/A | Z56: N/A | AA56: N/A | AB56: N/A | AC56: N/A | AD56: =IF(OR(J56="NO",K56="NO",L56="NO",M56="NO",N56="NO",O56="NO",P56="NO",R56="NO",S56="NO",T56="NO",U56="NO", V56="NO",W56="NO",Y56="NO",Z56="NO",AA56="NO",AB56="NO",AC56="NO"),"No aceptable","Aceptable") -> Aceptable | AV56: {=IF(OR(AE56:AU56="SI"),"Critico","No critico")} -> No critico
A57: =Inicial!A56 -> 54 | B57: =Inicial!B56 -> Desposte | C57: =Inicial!C56 -> Operador Línea Chuletas | D57: =Inicial!D56 -> Alimentador Freund | E57: =IF(Inicial!K56="SI",Inicial!E56,"N/A") -> N/A | F57: =IF(Inicial!K56="SI",Inicial!F56,"N/A") -> N/A | G57: =IF(Inicial!K56="SI",Inicial!G56,"N/A") -> N/A | H57: =IF(Inicial!K56="SI",Inicial!H56,"N/A") -> N/A | I57: =IF(Inicial!K56="SI",Inicial!I56,"N/A") -> N/A | J57: N/A | K57: N/A | L57: N/A | M57: N/A | N57: N/A | O57: N/A | P57: N/A | Q57: N/A | R57: N/A | S57: N/A | T57: N/A | U57: N/A | V57: N/A | W57: N/A | X57: N/A | Y57: N/A | Z57: N/A | AA57: N/A | AB57: N/A | AC57: N/A | AD57: =IF(OR(J57="NO",K57="NO",L57="NO",M57="NO",N57="NO",O57="NO",P57="NO",R57="NO",S57="NO",T57="NO",U57="NO", V57="NO",W57="NO",Y57="NO",Z57="NO",AA57="NO",AB57="NO",AC57="NO"),"No aceptable","Aceptable") -> Aceptable | AV57: {=IF(OR(AE57:AU57="SI"),"Critico","No critico")} -> No critico
A58: =Inicial!A57 -> 55 | B58: =Inicial!B57 -> Desposte | C58: =Inicial!C57 -> Operador Línea Chuletas | D58: =Inicial!D57 -> Recibir Hueso | E58: =IF(Inicial!K57="SI",Inicial!E57,"N/A") -> N/A | F58: =IF(Inicial!K57="SI",Inicial!F57,"N/A") -> N/A | G58: =IF(Inicial!K57="SI",Inicial!G57,"N/A") -> N/A | H58: =IF(Inicial!K57="SI",Inicial!H57,"N/A") -> N/A | I58: =IF(Inicial!K57="SI",Inicial!I57,"N/A") -> N/A | J58: N/A | K58: N/A | L58: N/A | M58: N/A | N58: N/A | O58: N/A | P58: N/A | Q58: N/A | R58: N/A | S58: N/A | T58: N/A | U58: N/A | V58: N/A | W58: N/A | X58: N/A | Y58: N/A | Z58: N/A | AA58: N/A | AB58: N/A | AC58: N/A | AD58: =IF(OR(J58="NO",K58="NO",L58="NO",M58="NO",N58="NO",O58="NO",P58="NO",R58="NO",S58="NO",T58="NO",U58="NO", V58="NO",W58="NO",Y58="NO",Z58="NO",AA58="NO",AB58="NO",AC58="NO"),"No aceptable","Aceptable") -> Aceptable | AV58: {=IF(OR(AE58:AU58="SI"),"Critico","No critico")} -> No critico
A59: =Inicial!A58 -> 56 | B59: =Inicial!B58 -> Desposte | C59: =Inicial!C58 -> Operador Línea Chuletas | D59: =Inicial!D58 -> Embalar hueso | E59: =IF(Inicial!K58="SI",Inicial!E58,"N/A") -> N/A | F59: =IF(Inicial!K58="SI",Inicial!F58,"N/A") -> N/A | G59: =IF(Inicial!K58="SI",Inicial!G58,"N/A") -> N/A | H59: =IF(Inicial!K58="SI",Inicial!H58,"N/A") -> N/A | I59: =IF(Inicial!K58="SI",Inicial!I58,"N/A") -> N/A | J59: N/A | K59: N/A | L59: N/A | M59: N/A | N59: N/A | O59: N/A | P59: N/A | Q59: N/A | R59: N/A | S59: N/A | T59: N/A | U59: N/A | V59: N/A | W59: N/A | X59: N/A | Y59: N/A | Z59: N/A | AA59: N/A | AB59: N/A | AC59: N/A | AD59: =IF(OR(J59="NO",K59="NO",L59="NO",M59="NO",N59="NO",O59="NO",P59="NO",R59="NO",S59="NO",T59="NO",U59="NO", V59="NO",W59="NO",Y59="NO",Z59="NO",AA59="NO",AB59="NO",AC59="NO"),"No aceptable","Aceptable") -> Aceptable | AV59: {=IF(OR(AE59:AU59="SI"),"Critico","No critico")} -> No critico
A60: =Inicial!A59 -> 57 | B60: =Inicial!B59 -> Desposte | C60: =Inicial!C59 -> Operador Línea Costillar | D60: =Inicial!D59 -> Abastecer Línea Costillar | E60: =IF(Inicial!K59="SI",Inicial!E59,"N/A") -> N/A | F60: =IF(Inicial!K59="SI",Inicial!F59,"N/A") -> N/A | G60: =IF(Inicial!K59="SI",Inicial!G59,"N/A") -> N/A | H60: =IF(Inicial!K59="SI",Inicial!H59,"N/A") -> N/A | I60: =IF(Inicial!K59="SI",Inicial!I59,"N/A") -> N/A | J60: N/A | K60: N/A | L60: N/A | M60: N/A | N60: N/A | O60: N/A | P60: N/A | Q60: N/A | R60: N/A | S60: N/A | T60: N/A | U60: N/A | V60: N/A | W60: N/A | X60: N/A | Y60: N/A | Z60: N/A | AA60: N/A | AB60: N/A | AC60: N/A | AD60: =IF(OR(J60="NO",K60="NO",L60="NO",M60="NO",N60="NO",O60="NO",P60="NO",R60="NO",S60="NO",T60="NO",U60="NO", V60="NO",W60="NO",Y60="NO",Z60="NO",AA60="NO",AB60="NO",AC60="NO"),"No aceptable","Aceptable") -> Aceptable | AV60: {=IF(OR(AE60:AU60="SI"),"Critico","No critico")} -> No critico
A61: =Inicial!A60 -> 58 | B61: =Inicial!B60 -> Desposte | C61: =Inicial!C60 -> Operador Línea Costillar | D61: =Inicial!D60 -> Cuadrar panceta | E61: =IF(Inicial!K60="SI",Inicial!E60,"N/A") -> N/A | F61: =IF(Inicial!K60="SI",Inicial!F60,"N/A") -> N/A | G61: =IF(Inicial!K60="SI",Inicial!G60,"N/A") -> N/A | H61: =IF(Inicial!K60="SI",Inicial!H60,"N/A") -> N/A | I61: =IF(Inicial!K60="SI",Inicial!I60,"N/A") -> N/A | J61: N/A | K61: N/A | L61: N/A | M61: N/A | N61: N/A | O61: N/A | P61: N/A | Q61: N/A | R61: N/A | S61: N/A | T61: N/A | U61: N/A | V61: N/A | W61: N/A | X61: N/A | Y61: N/A | Z61: N/A | AA61: N/A | AB61: N/A | AC61: N/A | AD61: =IF(OR(J61="NO",K61="NO",L61="NO",M61="NO",N61="NO",O61="NO",P61="NO",R61="NO",S61="NO",T61="NO",U61="NO", V61="NO",W61="NO",Y61="NO",Z61="NO",AA61="NO",AB61="NO",AC61="NO"),"No aceptable","Aceptable") -> Aceptable | AV61: {=IF(OR(AE61:AU61="SI"),"Critico","No critico")} -> No critico
A62: =Inicial!A61 -> 59 | B62: =Inicial!B61 -> Desposte | C62: =Inicial!C61 -> Operador Línea Costillar | D62: =Inicial!D61 -> Despunte Producto | E62: =IF(Inicial!K61="SI",Inicial!E61,"N/A") -> N/A | F62: =IF(Inicial!K61="SI",Inicial!F61,"N/A") -> N/A | G62: =IF(Inicial!K61="SI",Inicial!G61,"N/A") -> N/A | H62: =IF(Inicial!K61="SI",Inicial!H61,"N/A") -> N/A | I62: =IF(Inicial!K61="SI",Inicial!I61,"N/A") -> N/A | J62: N/A | K62: N/A | L62: N/A | M62: N/A | N62: N/A | O62: N/A | P62: N/A | Q62: N/A | R62: N/A | S62: N/A | T62: N/A | U62: N/A | V62: N/A | W62: N/A | X62: N/A | Y62: N/A | Z62: N/A | AA62: N/A | AB62: N/A | AC62: N/A | AD62: =IF(OR(J62="NO",K62="NO",L62="NO",M62="NO",N62="NO",O62="NO",P62="NO",R62="NO",S62="NO",T62="NO",U62="NO", V62="NO",W62="NO",Y62="NO",Z62="NO",AA62="NO",AB62="NO",AC62="NO"),"No aceptable","Aceptable") -> Aceptable | AV62: {=IF(OR(AE62:AU62="SI"),"Critico","No critico")} -> No critico
A63: =Inicial!A62 -> 60 | B63: =Inicial!B62 -> Desposte | C63: =Inicial!C62 -> Operador Línea Costillar | D63: =Inicial!D62 -> Prolijado Whizard (grasa) | E63: =IF(Inicial!K62="SI",Inicial!E62,"N/A") -> N/A | F63: =IF(Inicial!K62="SI",Inicial!F62,"N/A") -> N/A | G63: =IF(Inicial!K62="SI",Inicial!G62,"N/A") -> N/A | H63: =IF(Inicial!K62="SI",Inicial!H62,"N/A") -> N/A | I63: =IF(Inicial!K62="SI",Inicial!I62,"N/A") -> N/A | J63: N/A | K63: N/A | L63: N/A | M63: N/A | N63: N/A | O63: N/A | P63: N/A | Q63: N/A | R63: N/A | S63: N/A | T63: N/A | U63: N/A | V63: N/A | W63: N/A | X63: N/A | Y63: N/A | Z63: N/A | AA63: N/A | AB63: N/A | AC63: N/A | AD63: =IF(OR(J63="NO",K63="NO",L63="NO",M63="NO",N63="NO",O63="NO",P63="NO",R63="NO",S63="NO",T63="NO",U63="NO", V63="NO",W63="NO",Y63="NO",Z63="NO",AA63="NO",AB63="NO",AC63="NO"),"No aceptable","Aceptable") -> Aceptable | AV63: {=IF(OR(AE63:AU63="SI"),"Critico","No critico")} -> No critico
A64: =Inicial!A63 -> 61 | B64: =Inicial!B63 -> Desposte | C64: =Inicial!C63 -> Operador Línea Costillar | D64: =Inicial!D63 -> Calibrado | E64: =IF(Inicial!K63="SI",Inicial!E63,"N/A") -> N/A | F64: =IF(Inicial!K63="SI",Inicial!F63,"N/A") -> N/A | G64: =IF(Inicial!K63="SI",Inicial!G63,"N/A") -> N/A | H64: =IF(Inicial!K63="SI",Inicial!H63,"N/A") -> N/A | I64: =IF(Inicial!K63="SI",Inicial!I63,"N/A") -> N/A | J64: N/A | K64: N/A | L64: N/A | M64: N/A | N64: N/A | O64: N/A | P64: N/A | Q64: N/A | R64: N/A | S64: N/A | T64: N/A | U64: N/A | V64: N/A | W64: N/A | X64: N/A | Y64: N/A | Z64: N/A | AA64: N/A | AB64: N/A | AC64: N/A | AD64: =IF(OR(J64="NO",K64="NO",L64="NO",M64="NO",N64="NO",O64="NO",P64="NO",R64="NO",S64="NO",T64="NO",U64="NO", V64="NO",W64="NO",Y64="NO",Z64="NO",AA64="NO",AB64="NO",AC64="NO"),"No aceptable","Aceptable") -> Aceptable | AV64: {=IF(OR(AE64:AU64="SI"),"Critico","No critico")} -> No critico
A65: =Inicial!A64 -> 62 | B65: =Inicial!B64 -> Desposte | C65: =Inicial!C64 -> Operador Línea Costillar | D65: =Inicial!D64 -> Cortado de Costillar | E65: =IF(Inicial!K64="SI",Inicial!E64,"N/A") -> N/A | F65: =IF(Inicial!K64="SI",Inicial!F64,"N/A") -> N/A | G65: =IF(Inicial!K64="SI",Inicial!G64,"N/A") -> N/A | H65: =IF(Inicial!K64="SI",Inicial!H64,"N/A") -> N/A | I65: =IF(Inicial!K64="SI",Inicial!I64,"N/A") -> N/A | J65: N/A | K65: N/A | L65: N/A | M65: N/A | N65: N/A | O65: N/A | P65: N/A | Q65: N/A | R65: N/A | S65: N/A | T65: N/A | U65: N/A | V65: N/A | W65: N/A | X65: N/A | Y65: N/A | Z65: N/A | AA65: N/A | AB65: N/A | AC65: N/A | AD65: =IF(OR(J65="NO",K65="NO",L65="NO",M65="NO",N65="NO",O65="NO",P65="NO",R65="NO",S65="NO",T65="NO",U65="NO", V65="NO",W65="NO",Y65="NO",Z65="NO",AA65="NO",AB65="NO",AC65="NO"),"No aceptable","Aceptable") -> Aceptable | AV65: {=IF(OR(AE65:AU65="SI"),"Critico","No critico")} -> No critico
A66: =Inicial!A65 -> 63 | B66: =Inicial!B65 -> Desposte | C66: =Inicial!C65 -> Operador Línea Costillar | D66: =Inicial!D65 -> Abastecer Línea | E66: =IF(Inicial!K65="SI",Inicial!E65,"N/A") -> N/A | F66: =IF(Inicial!K65="SI",Inicial!F65,"N/A") -> N/A | G66: =IF(Inicial!K65="SI",Inicial!G65,"N/A") -> N/A | H66: =IF(Inicial!K65="SI",Inicial!H65,"N/A") -> N/A | I66: =IF(Inicial!K65="SI",Inicial!I65,"N/A") -> N/A | J66: N/A | K66: N/A | L66: N/A | M66: N/A | N66: N/A | O66: N/A | P66: N/A | Q66: N/A | R66: N/A | S66: N/A | T66: N/A | U66: N/A | V66: N/A | W66: N/A | X66: N/A | Y66: N/A | Z66: N/A | AA66: N/A | AB66: N/A | AC66: N/A | AD66: =IF(OR(J66="NO",K66="NO",L66="NO",M66="NO",N66="NO",O66="NO",P66="NO",R66="NO",S66="NO",T66="NO",U66="NO", V66="NO",W66="NO",Y66="NO",Z66="NO",AA66="NO",AB66="NO",AC66="NO"),"No aceptable","Aceptable") -> Aceptable | AV66: {=IF(OR(AE66:AU66="SI"),"Critico","No critico")} -> No critico
A67: =Inicial!A66 -> 64 | B67: =Inicial!B66 -> Desposte | C67: =Inicial!C66 -> Operador Línea paleta | D67: =Inicial!D66 -> Separación de Vetado | E67: =IF(Inicial!K66="SI",Inicial!E66,"N/A") -> N/A | F67: =IF(Inicial!K66="SI",Inicial!F66,"N/A") -> N/A | G67: =IF(Inicial!K66="SI",Inicial!G66,"N/A") -> N/A | H67: =IF(Inicial!K66="SI",Inicial!H66,"N/A") -> N/A | I67: =IF(Inicial!K66="SI",Inicial!I66,"N/A") -> N/A | J67: N/A | K67: N/A | L67: N/A | M67: N/A | N67: N/A | O67: N/A | P67: N/A | Q67: N/A | R67: N/A | S67: N/A | T67: N/A | U67: N/A | V67: N/A | W67: N/A | X67: N/A | Y67: N/A | Z67: N/A | AA67: N/A | AB67: N/A | AC67: N/A | AD67: =IF(OR(J67="NO",K67="NO",L67="NO",M67="NO",N67="NO",O67="NO",P67="NO",R67="NO",S67="NO",T67="NO",U67="NO", V67="NO",W67="NO",Y67="NO",Z67="NO",AA67="NO",AB67="NO",AC67="NO"),"No aceptable","Aceptable") -> Aceptable | AV67: {=IF(OR(AE67:AU67="SI"),"Critico","No critico")} -> No critico
A68: =Inicial!A67 -> 65 | B68: =Inicial!B67 -> Desposte | C68: =Inicial!C67 -> Operador Línea paleta | D68: =Inicial!D67 -> Segrega Producto | E68: =IF(Inicial!K67="SI",Inicial!E67,"N/A") -> N/A | F68: =IF(Inicial!K67="SI",Inicial!F67,"N/A") -> N/A | G68: =IF(Inicial!K67="SI",Inicial!G67,"N/A") -> N/A | H68: =IF(Inicial!K67="SI",Inicial!H67,"N/A") -> N/A | I68: =IF(Inicial!K67="SI",Inicial!I67,"N/A") -> N/A | J68: N/A | K68: N/A | L68: N/A | M68: N/A | N68: N/A | O68: N/A | P68: N/A | Q68: N/A | R68: N/A | S68: N/A | T68: N/A | U68: N/A | V68: N/A | W68: N/A | X68: N/A | Y68: N/A | Z68: N/A | AA68: N/A | AB68: N/A | AC68: N/A | AD68: =IF(OR(J68="NO",K68="NO",L68="NO",M68="NO",N68="NO",O68="NO",P68="NO",R68="NO",S68="NO",T68="NO",U68="NO", V68="NO",W68="NO",Y68="NO",Z68="NO",AA68="NO",AB68="NO",AC68="NO"),"No aceptable","Aceptable") -> Aceptable | AV68: {=IF(OR(AE68:AU68="SI"),"Critico","No critico")} -> No critico
... A73: =Inicial!A72 -> 70 | B73: =Inicial!B72 -> Desposte | C73: =Inicial!C72 -> Operador Línea paleta | D73: =Inicial!D72 -> Pistola Escapula | E73: =IF(Inicial!K72="SI",Inicial!E72,"N/A") -> N/A | F73: =IF(Inicial!K72="SI",Inicial!F72,"N/A") -> N/A | G73: =IF(Inicial!K72="SI",Inicial!G72,"N/A") -> N/A | H73: =IF(Inicial!K72="SI",Inicial!H72,"N/A") -> N/A | I73: =IF(Inicial!K72="SI",Inicial!I72,"N/A") -> N/A | J73: N/A | K73: N/A | L73: N/A | M73: N/A | N73: N/A | O73: N/A | P73: N/A | Q73: N/A | R73: N/A | S73: N/A | T73: N/A | U73: N/A | V73: N/A | W73: N/A | X73: N/A | Y73: N/A | Z73: N/A | AA73: N/A | AB73: N/A | AC73: N/A | AD73: =IF(OR(J73="NO",K73="NO",L73="NO",M73="NO",N73="NO",O73="NO",P73="NO",R73="NO",S73="NO",T73="NO",U73="NO", V73="NO",W73="NO",Y73="NO",Z73="NO",AA73="NO",AB73="NO",AC73="NO"),"No aceptable","Aceptable") -> Aceptable | AV73: {=IF(OR(AE73:AU73="SI"),"Critico","No critico")} -> No critico
A74: =Inicial!A73 -> 71 | B74: =Inicial!B73 -> Desposte | C74: =Inicial!C73 -> Operador Línea paleta | D74: =Inicial!D73 -> Deshuesado Escapula | E74: =IF(Inicial!K73="SI",Inicial!E73,"N/A") -> 06:30 14:50 / 17:30 a 02:50 | F74: =IF(Inicial!K73="SI",Inicial!F73,"N/A") -> 1 | G74: =IF(Inicial!K73="SI",Inicial!G73,"N/A") -> 6 | H74: =IF(Inicial!K73="SI",Inicial!H73,"N/A") -> 32 | I74: =IF(Inicial!K73="SI",Inicial!I73,"N/A") -> 0 | J74: N/A | K74: N/A | L74: N/A | M74: N/A | N74: N/A | O74: N/A | P74: N/A | Q74: N/A | R74: N/A | S74: N/A | T74: N/A | U74: N/A | V74: N/A | W74: N/A | X74: N/A | Y74: N/A | Z74: N/A | AA74: N/A | AB74: N/A | AC74: N/A | AD74: =IF(OR(J74="NO",K74="NO",L74="NO",M74="NO",N74="NO",O74="NO",P74="NO",R74="NO",S74="NO",T74="NO",U74="NO", V74="NO",W74="NO",Y74="NO",Z74="NO",AA74="NO",AB74="NO",AC74="NO"),"No aceptable","Aceptable") -> Aceptable | AE74: NO | AF74: NO | AG74: SI | AH74: NO | AI74: NO | AJ74: SI | AK74: NO | AL74: NO | AM74: NO | AN74: NO | AO74: NO | AP74: NO | AQ74: NO | AR74: NO | AS74: NO | AT74: NO | AU74: NO | AV74: {=IF(OR(AE74:AU74="SI"),"Critico","No critico")} -> Critico
A75: =Inicial!A74 -> 72 | B75: =Inicial!B74 -> Desposte | C75: =Inicial!C74 -> Operador Línea paleta | D75: =Inicial!D74 -> Deshuesado Humero | E75: =IF(Inicial!K74="SI",Inicial!E74,"N/A") -> N/A | F75: =IF(Inicial!K74="SI",Inicial!F74,"N/A") -> N/A | G75: =IF(Inicial!K74="SI",Inicial!G74,"N/A") -> N/A | H75: =IF(Inicial!K74="SI",Inicial!H74,"N/A") -> N/A | I75: =IF(Inicial!K74="SI",Inicial!I74,"N/A") -> N/A | AD75: =IF(OR(J75="NO",K75="NO",L75="NO",M75="NO",N75="NO",O75="NO",P75="NO",R75="NO",S75="NO",T75="NO",U75="NO", V75="NO",W75="NO",Y75="NO",Z75="NO",AA75="NO",AB75="NO",AC75="NO"),"No aceptable","Aceptable") -> Aceptable | AV75: {=IF(OR(AE75:AU75="SI"),"Critico","No critico")} -> No critico
A76: =Inicial!A75 -> 73 | B76: =Inicial!B75 -> Desposte | C76: =Inicial!C75 -> Operador Línea paleta | D76: =Inicial!D75 -> Embolsado | E76: =IF(Inicial!K75="SI",Inicial!E75,"N/A") -> N/A | F76: =IF(Inicial!K75="SI",Inicial!F75,"N/A") -> N/A | G76: =IF(Inicial!K75="SI",Inicial!G75,"N/A") -> N/A | H76: =IF(Inicial!K75="SI",Inicial!H75,"N/A") -> N/A | I76: =IF(Inicial!K75="SI",Inicial!I75,"N/A") -> N/A | AD76: =IF(OR(J76="NO",K76="NO",L76="NO",M76="NO",N76="NO",O76="NO",P76="NO",R76="NO",S76="NO",T76="NO",U76="NO", V76="NO",W76="NO",Y76="NO",Z76="NO",AA76="NO",AB76="NO",AC76="NO"),"No aceptable","Aceptable") -> Aceptable | AV76: {=IF(OR(AE76:AU76="SI"),"Critico","No critico")} -> No critico
A77: =Inicial!A76 -> 74 | B77: =Inicial!B76 -> Desposte | C77: =Inicial!C76 -> Operador Línea paleta | D77: =Inicial!D76 -> Prolijado | E77: =IF(Inicial!K76="SI",Inicial!E76,"N/A") -> N/A | F77: =IF(Inicial!K76="SI",Inicial!F76,"N/A") -> N/A | G77: =IF(Inicial!K76="SI",Inicial!G76,"N/A") -> N/A | H77: =IF(Inicial!K76="SI",Inicial!H76,"N/A") -> N/A | I77: =IF(Inicial!K76="SI",Inicial!I76,"N/A") -> N/A | AD77: =IF(OR(J77="NO",K77="NO",L77="NO",M77="NO",N77="NO",O77="NO",P77="NO",R77="NO",S77="NO",T77="NO",U77="NO", V77="NO",W77="NO",Y77="NO",Z77="NO",AA77="NO",AB77="NO",AC77="NO"),"No aceptable","Aceptable") -> Aceptable | AV77: {=IF(OR(AE77:AU77="SI"),"Critico","No critico")} -> No critico
A78: =Inicial!A77 -> 75 | B78: =Inicial!B77 -> Desposte | C78: =Inicial!C77 -> Operador LíneaVetado | D78: =Inicial!D77 -> Abastecer máquina | E78: =IF(Inicial!K77="SI",Inicial!E77,"N/A") -> N/A | F78: =IF(Inicial!K77="SI",Inicial!F77,"N/A") -> N/A | G78: =IF(Inicial!K77="SI",Inicial!G77,"N/A") -> N/A | H78: =IF(Inicial!K77="SI",Inicial!H77,"N/A") -> N/A | I78: =IF(Inicial!K77="SI",Inicial!I77,"N/A") -> N/A | AD78: =IF(OR(J78="NO",K78="NO",L78="NO",M78="NO",N78="NO",O78="NO",P78="NO",R78="NO",S78="NO",T78="NO",U78="NO", V78="NO",W78="NO",Y78="NO",Z78="NO",AA78="NO",AB78="NO",AC78="NO"),"No aceptable","Aceptable") -> Aceptable | AV78: {=IF(OR(AE78:AU78="SI"),"Critico","No critico")} -> No critico
A79: =Inicial!A78 -> 76 | B79: =Inicial!B78 -> Desposte | C79: =Inicial!C78 -> Operador LíneaVetado | D79: =Inicial!D78 -> Punta Costilla | E79: =IF(Inicial!K78="SI",Inicial!E78,"N/A") -> N/A | F79: =IF(Inicial!K78="SI",Inicial!F78,"N/A") -> N/A | G79: =IF(Inicial!K78="SI",Inicial!G78,"N/A") -> N/A | H79: =IF(Inicial!K78="SI",Inicial!H78,"N/A") -> N/A | I79: =IF(Inicial!K78="SI",Inicial!I78,"N/A") -> N/A | AD79: =IF(OR(J79="NO",K79="NO",L79="NO",M79="NO",N79="NO",O79="NO",P79="NO",R79="NO",S79="NO",T79="NO",U79="NO", V79="NO",W79="NO",Y79="NO",Z79="NO",AA79="NO",AB79="NO",AC79="NO"),"No aceptable","Aceptable") -> Aceptable | AV79: {=IF(OR(AE79:AU79="SI"),"Critico","No critico")} -> No critico
A80: =Inicial!A79 -> 77 | B80: =Inicial!B79 -> Desposte | C80: =Inicial!C79 -> Operador LíneaVetado | D80: =Inicial!D79 -> Hueso Externón | E80: =IF(Inicial!K79="SI",Inicial!E79,"N/A") -> N/A | F80: =IF(Inicial!K79="SI",Inicial!F79,"N/A") -> N/A | G80: =IF(Inicial!K79="SI",Inicial!G79,"N/A") -> N/A | H80: =IF(Inicial!K79="SI",Inicial!H79,"N/A") -> N/A | I80: =IF(Inicial!K79="SI",Inicial!I79,"N/A") -> N/A | AD80: =IF(OR(J80="NO",K80="NO",L80="NO",M80="NO",N80="NO",O80="NO",P80="NO",R80="NO",S80="NO",T80="NO",U80="NO", V80="NO",W80="NO",Y80="NO",Z80="NO",AA80="NO",AB80="NO",AC80="NO"),"No aceptable","Aceptable") -> Aceptable
A81: =Inicial!A80 -> 78 | B81: =Inicial!B80 -> Desposte | C81: =Inicial!C80 -> Operador LíneaVetado | D81: =Inicial!D80 -> Costillita | E81: =IF(Inicial!K80="SI",Inicial!E80,"N/A") -> N/A | F81: =IF(Inicial!K80="SI",Inicial!F80,"N/A") -> N/A | G81: =IF(Inicial!K80="SI",Inicial!G80,"N/A") -> N/A | H81: =IF(Inicial!K80="SI",Inicial!H80,"N/A") -> N/A | I81: =IF(Inicial!K80="SI",Inicial!I80,"N/A") -> N/A | AD81: =IF(OR(J81="NO",K81="NO",L81="NO",M81="NO",N81="NO",O81="NO",P81="NO",R81="NO",S81="NO",T81="NO",U81="NO", V81="NO",W81="NO",Y81="NO",Z81="NO",AA81="NO",AB81="NO",AC81="NO"),"No aceptable","Aceptable") -> Aceptable
A82: =Inicial!A81 -> 79 | B82: =Inicial!B81 -> Desposte | C82: =Inicial!C81 -> Operador LíneaVetado | D82: =Inicial!D81 -> Prolijado de Papada | E82: =IF(Inicial!K81="SI",Inicial!E81,"N/A") -> N/A | F82: =IF(Inicial!K81="SI",Inicial!F81,"N/A") -> N/A | G82: =IF(Inicial!K81="SI",Inicial!G81,"N/A") -> N/A | H82: =IF(Inicial!K81="SI",Inicial!H81,"N/A") -> N/A | I82: =IF(Inicial!K81="SI",Inicial!I81,"N/A") -> N/A | AD82: =IF(OR(J82="NO",K82="NO",L82="NO",M82="NO",N82="NO",O82="NO",P82="NO",R82="NO",S82="NO",T82="NO",U82="NO", V82="NO",W82="NO",Y82="NO",Z82="NO",AA82="NO",AB82="NO",AC82="NO"),"No aceptable","Aceptable") -> Aceptable
A83: =Inicial!A82 -> 80 | B83: =Inicial!B82 -> Desposte | C83: =Inicial!C82 -> Operador LíneaVetado | D83: =Inicial!D82 -> Ganglios | E83: =IF(Inicial!K82="SI",Inicial!E82,"N/A") -> N/A | F83: =IF(Inicial!K82="SI",Inicial!F82,"N/A") -> N/A | G83: =IF(Inicial!K82="SI",Inicial!G82,"N/A") -> N/A | H83: =IF(Inicial!K82="SI",Inicial!H82,"N/A") -> N/A | I83: =IF(Inicial!K82="SI",Inicial!I82,"N/A") -> N/A | AD83: =IF(OR(J83="NO",K83="NO",L83="NO",M83="NO",N83="NO",O83="NO",P83="NO",R83="NO",S83="NO",T83="NO",U83="NO", V83="NO",W83="NO",Y83="NO",Z83="NO",AA83="NO",AB83="NO",AC83="NO"),"No aceptable","Aceptable") -> Aceptable
A84: =Inicial!A83 -> 81 | B84: =Inicial!B83 -> Desposte | C84: =Inicial!C83 -> Operador LíneaVetado | D84: =Inicial!D83 -> Deshuesado de Chuleta | E84: =IF(Inicial!K83="SI",Inicial!E83,"N/A") -> N/A | F84: =IF(Inicial!K83="SI",Inicial!F83,"N/A") -> N/A | G84: =IF(Inicial!K83="SI",Inicial!G83,"N/A") -> N/A | H84: =IF(Inicial!K83="SI",Inicial!H83,"N/A") -> N/A | I84: =IF(Inicial!K83="SI",Inicial!I83,"N/A") -> N/A | AD84: =IF(OR(J84="NO",K84="NO",L84="NO",M84="NO",N84="NO",O84="NO",P84="NO",R84="NO",S84="NO",T84="NO",U84="NO", V84="NO",W84="NO",Y84="NO",Z84="NO",AA84="NO",AB84="NO",AC84="NO"),"No aceptable","Aceptable") -> Aceptable
A85: =Inicial!A84 -> 82 | B85: =Inicial!B84 -> Desposte | C85: =Inicial!C84 -> Operador LíneaVetado | D85: =Inicial!D84 -> Embalado de hueso | E85: =IF(Inicial!K84="SI",Inicial!E84,"N/A") -> N/A | F85: =IF(Inicial!K84="SI",Inicial!F84,"N/A") -> N/A | G85: =IF(Inicial!K84="SI",Inicial!G84,"N/A") -> N/A | H85: =IF(Inicial!K84="SI",Inicial!H84,"N/A") -> N/A | I85: =IF(Inicial!K84="SI",Inicial!I84,"N/A") -> N/A | AD85: =IF(OR(J85="NO",K85="NO",L85="NO",M85="NO",N85="NO",O85="NO",P85="NO",R85="NO",S85="NO",T85="NO",U85="NO", V85="NO",W85="NO",Y85="NO",Z85="NO",AA85="NO",AB85="NO",AC85="NO"),"No aceptable","Aceptable") -> Aceptable
A86: =Inicial!A85 -> 83 | B86: =Inicial!B85 -> Desposte | C86: =Inicial!C85 -> Operador LíneaVetado | D86: =Inicial!D85 -> extracción Cinta de Despunte | E86: =IF(Inicial!K85="SI",Inicial!E85,"N/A") -> N/A | F86: =IF(Inicial!K85="SI",Inicial!F85,"N/A") -> N/A | G86: =IF(Inicial!K85="SI",Inicial!G85,"N/A") -> N/A | H86: =IF(Inicial!K85="SI",Inicial!H85,"N/A") -> N/A | I86: =IF(Inicial!K85="SI",Inicial!I85,"N/A") -> N/A | AD86: =IF(OR(J86="NO",K86="NO",L86="NO",M86="NO",N86="NO",O86="NO",P86="NO",R86="NO",S86="NO",T86="NO",U86="NO", V86="NO",W86="NO",Y86="NO",Z86="NO",AA86="NO",AB86="NO",AC86="NO"),"No aceptable","Aceptable") -> Aceptable
A87: =Inicial!A86 -> 84 | B87: =Inicial!B86 -> Desposte | C87: =Inicial!C86 -> Operador LíneaVetado | D87: =Inicial!D86 -> Prolijado Cartilago Hueso | E87: =IF(Inicial!K86="SI",Inicial!E86,"N/A") -> N/A | F87: =IF(Inicial!K86="SI",Inicial!F86,"N/A") -> N/A | G87: =IF(Inicial!K86="SI",Inicial!G86,"N/A") -> N/A | H87: =IF(Inicial!K86="SI",Inicial!H86,"N/A") -> N/A | I87: =IF(Inicial!K86="SI",Inicial!I86,"N/A") -> N/A | AD87: =IF(OR(J87="NO",K87="NO",L87="NO",M87="NO",N87="NO",O87="NO",P87="NO",R87="NO",S87="NO",T87="NO",U87="NO", V87="NO",W87="NO",Y87="NO",Z87="NO",AA87="NO",AB87="NO",AC87="NO"),"No aceptable","Aceptable") -> Aceptable
A88: =Inicial!A87 -> 85 | B88: =Inicial!B87 -> Desposte | C88: =Inicial!C87 -> Operador LíneaVetado | D88: =Inicial!D87 -> Prolijado Carne Longaniza | E88: =IF(Inicial!K87="SI",Inicial!E87,"N/A") -> N/A | F88: =IF(Inicial!K87="SI",Inicial!F87,"N/A") -> N/A | G88: =IF(Inicial!K87="SI",Inicial!G87,"N/A") -> N/A | H88: =IF(Inicial!K87="SI",Inicial!H87,"N/A") -> N/A | I88: =IF(Inicial!K87="SI",Inicial!I87,"N/A") -> N/A | AD88: =IF(OR(J88="NO",K88="NO",L88="NO",M88="NO",N88="NO",O88="NO",P88="NO",R88="NO",S88="NO",T88="NO",U88="NO", V88="NO",W88="NO",Y88="NO",Z88="NO",AA88="NO",AB88="NO",AC88="NO"),"No aceptable","Aceptable") -> Aceptable
A89: =Inicial!A88 -> 86 | B89: =Inicial!B88 -> Desposte | C89: =Inicial!C88 -> Operador LíneaVetado | D89: =Inicial!D88 -> Prolijado Lomo Vetado | E89: =IF(Inicial!K88="SI",Inicial!E88,"N/A") -> N/A | F89: =IF(Inicial!K88="SI",Inicial!F88,"N/A") -> N/A | G89: =IF(Inicial!K88="SI",Inicial!G88,"N/A") -> N/A | H89: =IF(Inicial!K88="SI",Inicial!H88,"N/A") -> N/A | I89: =IF(Inicial!K88="SI",Inicial!I88,"N/A") -> N/A | AD89: =IF(OR(J89="NO",K89="NO",L89="NO",M89="NO",N89="NO",O89="NO",P89="NO",R89="NO",S89="NO",T89="NO",U89="NO", V89="NO",W89="NO",Y89="NO",Z89="NO",AA89="NO",AB89="NO",AC89="NO"),"No aceptable","Aceptable") -> Aceptable
A90: =Inicial!A89 -> 87 | B90: =Inicial!B89 -> Desposte | C90: =Inicial!C89 -> Operador LíneaVetado | D90: =Inicial!D89 -> Calibrado | E90: =IF(Inicial!K89="SI",Inicial!E89,"N/A") -> N/A | F90: =IF(Inicial!K89="SI",Inicial!F89,"N/A") -> N/A | G90: =IF(Inicial!K89="SI",Inicial!G89,"N/A") -> N/A | H90: =IF(Inicial!K89="SI",Inicial!H89,"N/A") -> N/A | I90: =IF(Inicial!K89="SI",Inicial!I89,"N/A") -> N/A | AD90: =IF(OR(J90="NO",K90="NO",L90="NO",M90="NO",N90="NO",O90="NO",P90="NO",R90="NO",S90="NO",T90="NO",U90="NO", V90="NO",W90="NO",Y90="NO",Z90="NO",AA90="NO",AB90="NO",AC90="NO"),"No aceptable","Aceptable") -> Aceptable
A91: =Inicial!#REF! -> #REF! | B91: =Inicial!#REF! -> #REF! | C91: =Inicial!#REF! -> #REF! | D91: =Inicial!#REF! -> #REF! | E91: =IF(Inicial!#REF!="SI",Inicial!#REF!,"N/A") -> #REF! | F91: =IF(Inicial!#REF!="SI",Inicial!#REF!,"N/A") -> #REF! | G91: =IF(Inicial!#REF!="SI",Inicial!#REF!,"N/A") -> #REF! | H91: =IF(Inicial!#REF!="SI",Inicial!#REF!,"N/A") -> #REF! | I91: =IF(Inicial!#REF!="SI",Inicial!#REF!,"N/A") -> #REF! | AD91: =IF(OR(J91="NO",K91="NO",L91="NO",M91="NO",N91="NO",O91="NO",P91="NO",R91="NO",S91="NO",T91="NO",U91="NO", V91="NO",W91="NO",Y91="NO",Z91="NO",AA91="NO",AB91="NO",AC91="NO"),"No aceptable","Aceptable") -> Aceptable
A92: =Inicial!A90 -> 88 | B92: =Inicial!B90 -> Desposte | C92: =Inicial!C90 -> Operador Linea Piernas | D92: =Inicial!D90 -> Extraer Cola-Cazuela | E92: =IF(Inicial!K90="SI",Inicial!E90,"N/A") -> N/A | F92: =IF(Inicial!K90="SI",Inicial!F90,"N/A") -> N/A | G92: =IF(Inicial!K90="SI",Inicial!G90,"N/A") -> N/A | H92: =IF(Inicial!K90="SI",Inicial!H90,"N/A") -> N/A | I92: =IF(Inicial!K90="SI",Inicial!I90,"N/A") -> N/A | AD92: =IF(OR(J92="NO",K92="NO",L92="NO",M92="NO",N92="NO",O92="NO",P92="NO",R92="NO",S92="NO",T92="NO",U92="NO", V92="NO",W92="NO",Y92="NO",Z92="NO",AA92="NO",AB92="NO",AC92="NO"),"No aceptable","Aceptable") -> Aceptable
A93: =Inicial!A91 -> 89 | B93: =Inicial!B91 -> Desposte | C93: =Inicial!C91 -> Operador Linea Piernas | D93: =Inicial!D91 -> Exraer Pernil | E93: =IF(Inicial!K91="SI",Inicial!E91,"N/A") -> N/A | F93: =IF(Inicial!K91="SI",Inicial!F91,"N/A") -> N/A | G93: =IF(Inicial!K91="SI",Inicial!G91,"N/A") -> N/A | H93: =IF(Inicial!K91="SI",Inicial!H91,"N/A") -> N/A | I93: =IF(Inicial!K91="SI",Inicial!I91,"N/A") -> N/A | AD93: =IF(OR(J93="NO",K93="NO",L93="NO",M93="NO",N93="NO",O93="NO",P93="NO",R93="NO",S93="NO",T93="NO",U93="NO", V93="NO",W93="NO",Y93="NO",Z93="NO",AA93="NO",AB93="NO",AC93="NO"),"No aceptable","Aceptable") -> Aceptable
A94: =Inicial!A92 -> 90 | B94: =Inicial!B92 -> Desposte | C94: =Inicial!C92 -> Operador Linea Piernas | D94: =Inicial!D92 -> Evacuar Bandejas | E94: =IF(Inicial!K92="SI",Inicial!E92,"N/A") -> N/A | F94: =IF(Inicial!K92="SI",Inicial!F92,"N/A") -> N/A | G94: =IF(Inicial!K92="SI",Inicial!G92,"N/A") -> N/A | H94: =IF(Inicial!K92="SI",Inicial!H92,"N/A") -> N/A | I94: =IF(Inicial!K92="SI",Inicial!I92,"N/A") -> N/A | AD94: =IF(OR(J94="NO",K94="NO",L94="NO",M94="NO",N94="NO",O94="NO",P94="NO",R94="NO",S94="NO",T94="NO",U94="NO", V94="NO",W94="NO",Y94="NO",Z94="NO",AA94="NO",AB94="NO",AC94="NO"),"No aceptable","Aceptable") -> Aceptable
A95: =Inicial!#REF! -> #REF! | B95: =Inicial!#REF! -> #REF! | C95: =Inicial!#REF! -> #REF! | D95: =Inicial!#REF! -> #REF! | E95: =IF(Inicial!#REF!="SI",Inicial!#REF!,"N/A") -> #REF! | F95: =IF(Inicial!#REF!="SI",Inicial!#REF!,"N/A") -> #REF! | G95: =IF(Inicial!#REF!="SI",Inicial!#REF!,"N/A") -> #REF! | H95: =IF(Inicial!#REF!="SI",Inicial!#REF!,"N/A") -> #REF! | I95: =IF(Inicial!#REF!="SI",Inicial!#REF!,"N/A") -> #REF! | AD95: =IF(OR(J95="NO",K95="NO",L95="NO",M95="NO",N95="NO",O95="NO",P95="NO",R95="NO",S95="NO",T95="NO",U95="NO", V95="NO",W95="NO",Y95="NO",Z95="NO",AA95="NO",AB95="NO",AC95="NO"),"No aceptable","Aceptable") -> Aceptable
A96: =Inicial!#REF! -> #REF! | B96: =Inicial!#REF! -> #REF! | C96: =Inicial!#REF! -> #REF! | D96: =Inicial!#REF! -> #REF! | E96: =IF(Inicial!#REF!="SI",Inicial!#REF!,"N/A") -> #REF! | F96: =IF(Inicial!#REF!="SI",Inicial!#REF!,"N/A") -> #REF! | G96: =IF(Inicial!#REF!="SI",Inicial!#REF!,"N/A") -> #REF! | H96: =IF(Inicial!#REF!="SI",Inicial!#REF!,"N/A") -> #REF! | I96: =IF(Inicial!#REF!="SI",Inicial!#REF!,"N/A") -> #REF! | AD96: =IF(OR(J96="NO",K96="NO",L96="NO",M96="NO",N96="NO",O96="NO",P96="NO",R96="NO",S96="NO",T96="NO",U96="NO", V96="NO",W96="NO",Y96="NO",Z96="NO",AA96="NO",AB96="NO",AC96="NO"),"No aceptable","Aceptable") -> Aceptable
A97: =Inicial!A93 -> 91 | B97: =Inicial!B93 -> Desposte | C97: =Inicial!C93 -> Operador Linea Piernas | D97: =Inicial!D93 -> Peladora Maja | E97: =IF(Inicial!K93="SI",Inicial!E93,"N/A") -> N/A | F97: =IF(Inicial!K93="SI",Inicial!F93,"N/A") -> N/A | G97: =IF(Inicial!K93="SI",Inicial!G93,"N/A") -> N/A | H97: =IF(Inicial!K93="SI",Inicial!H93,"N/A") -> N/A | I97: =IF(Inicial!K93="SI",Inicial!I93,"N/A") -> N/A | AD97: =IF(OR(J97="NO",K97="NO",L97="NO",M97="NO",N97="NO",O97="NO",P97="NO",R97="NO",S97="NO",T97="NO",U97="NO", V97="NO",W97="NO",Y97="NO",Z97="NO",AA97="NO",AB97="NO",AC97="NO"),"No aceptable","Aceptable") -> Aceptable
A98: =Inicial!A94 -> 92 | B98: =Inicial!B94 -> Desposte | C98: =Inicial!C94 -> Operador Linea Piernas | D98: =Inicial!D94 -> Whizard | E98: =IF(Inicial!K94="SI",Inicial!E94,"N/A") -> N/A | F98: =IF(Inicial!K94="SI",Inicial!F94,"N/A") -> N/A | G98: =IF(Inicial!K94="SI",Inicial!G94,"N/A") -> N/A | H98: =IF(Inicial!K94="SI",Inicial!H94,"N/A") -> N/A | I98: =IF(Inicial!K94="SI",Inicial!I94,"N/A") -> N/A | AD98: =IF(OR(J98="NO",K98="NO",L98="NO",M98="NO",N98="NO",O98="NO",P98="NO",R98="NO",S98="NO",T98="NO",U98="NO", V98="NO",W98="NO",Y98="NO",Z98="NO",AA98="NO",AB98="NO",AC98="NO"),"No aceptable","Aceptable") -> Aceptable
A99: =Inicial!A95 -> 93 | B99: =Inicial!B95 -> Desposte | C99: =Inicial!C95 -> Operador Linea Piernas | D99: =Inicial!D95 -> Deshuesado Coxal | E99: =IF(Inicial!K95="SI",Inicial!E95,"N/A") -> N/A | F99: =IF(Inicial!K95="SI",Inicial!F95,"N/A") -> N/A | G99: =IF(Inicial!K95="SI",Inicial!G95,"N/A") -> N/A | H99: =IF(Inicial!K95="SI",Inicial!H95,"N/A") -> N/A | I99: =IF(Inicial!K95="SI",Inicial!I95,"N/A") -> N/A | AD99: =IF(OR(J99="NO",K99="NO",L99="NO",M99="NO",N99="NO",O99="NO",P99="NO",R99="NO",S99="NO",T99="NO",U99="NO", V99="NO",W99="NO",Y99="NO",Z99="NO",AA99="NO",AB99="NO",AC99="NO"),"No aceptable","Aceptable") -> Aceptable
A100: =Inicial!A96 -> 94 | B100: =Inicial!B96 -> Desposte | C100: =Inicial!C96 -> Operador Linea Piernas | D100: =Inicial!D96 -> Deshuesadores Femur | E100: =IF(Inicial!K96="SI",Inicial!E96,"N/A") -> N/A | F100: =IF(Inicial!K96="SI",Inicial!F96,"N/A") -> N/A | G100: =IF(Inicial!K96="SI",Inicial!G96,"N/A") -> N/A | H100: =IF(Inicial!K96="SI",Inicial!H96,"N/A") -> N/A | I100: =IF(Inicial!K96="SI",Inicial!I96,"N/A") -> N/A | AD100: =IF(OR(J100="NO",K100="NO",L100="NO",M100="NO",N100="NO",O100="NO",P100="NO",R100="NO",S100="NO",T100="NO",U100="NO", V100="NO",W100="NO",Y100="NO",Z100="NO",AA100="NO",AB100="NO",AC100="NO"),"No aceptable","Aceptable") -> Aceptable
A101: =Inicial!A97 -> 95 | B101: =Inicial!B97 -> Desposte | C101: =Inicial!C97 -> Operador Linea Piernas | D101: =Inicial!D97 -> Prolijadores | E101: =IF(Inicial!K97="SI",Inicial!E97,"N/A") -> N/A | F101: =IF(Inicial!K97="SI",Inicial!F97,"N/A") -> N/A | G101: =IF(Inicial!K97="SI",Inicial!G97,"N/A") -> N/A | H101: =IF(Inicial!K97="SI",Inicial!H97,"N/A") -> N/A | I101: =IF(Inicial!K97="SI",Inicial!I97,"N/A") -> N/A | AD101: =IF(OR(J101="NO",K101="NO",L101="NO",M101="NO",N101="NO",O101="NO",P101="NO",R101="NO",S101="NO",T101="NO",U101="NO", V101="NO",W101="NO",Y101="NO",Z101="NO",AA101="NO",AB101="NO",AC101="NO"),"No aceptable","Aceptable") -> Aceptable
A102: =Inicial!A98 -> 96 | B102: =Inicial!B98 -> Desposte | C102: =Inicial!C98 -> Operador Linea Piernas | D102: =Inicial!D98 -> Calibrado | E102: =IF(Inicial!K98="SI",Inicial!E98,"N/A") -> N/A | F102: =IF(Inicial!K98="SI",Inicial!F98,"N/A") -> N/A | G102: =IF(Inicial!K98="SI",Inicial!G98,"N/A") -> N/A | H102: =IF(Inicial!K98="SI",Inicial!H98,"N/A") -> N/A | I102: =IF(Inicial!K98="SI",Inicial!I98,"N/A") -> N/A | AD102: =IF(OR(J102="NO",K102="NO",L102="NO",M102="NO",N102="NO",O102="NO",P102="NO",R102="NO",S102="NO",T102="NO",U102="NO", V102="NO",W102="NO",Y102="NO",Z102="NO",AA102="NO",AB102="NO",AC102="NO"),"No aceptable","Aceptable") -> Aceptable
A103: =Inicial!A99 -> 97 | B103: =Inicial!B99 -> Desposte | C103: =Inicial!C99 -> Operador Linea Piernas | D103: =Inicial!D99 -> Peladora Maja | E103: =IF(Inicial!K99="SI",Inicial!E99,"N/A") -> N/A | F103: =IF(Inicial!K99="SI",Inicial!F99,"N/A") -> N/A | G103: =IF(Inicial!K99="SI",Inicial!G99,"N/A") -> N/A | H103: =IF(Inicial!K99="SI",Inicial!H99,"N/A") -> N/A | I103: =IF(Inicial!K99="SI",Inicial!I99,"N/A") -> N/A | AD103: =IF(OR(J103="NO",K103="NO",L103="NO",M103="NO",N103="NO",O103="NO",P103="NO",R103="NO",S103="NO",T103="NO",U103="NO", V103="NO",W103="NO",Y103="NO",Z103="NO",AA103="NO",AB103="NO",AC103="NO"),"No aceptable","Aceptable") -> Aceptable
A104: =Inicial!A100 -> 98 | B104: =Inicial!B100 -> Desposte | C104: =Inicial!C100 -> Operador Linea Piernas | D104: =Inicial!D100 -> Abastecer Varivac | E104: =IF(Inicial!K100="SI",Inicial!E100,"N/A") -> N/A | F104: =IF(Inicial!K100="SI",Inicial!F100,"N/A") -> N/A | G104: =IF(Inicial!K100="SI",Inicial!G100,"N/A") -> N/A | H104: =IF(Inicial!K100="SI",Inicial!H100,"N/A") -> N/A | I104: =IF(Inicial!K100="SI",Inicial!I100,"N/A") -> N/A | AD104: =IF(OR(J104="NO",K104="NO",L104="NO",M104="NO",N104="NO",O104="NO",P104="NO",R104="NO",S104="NO",T104="NO",U104="NO", V104="NO",W104="NO",Y104="NO",Z104="NO",AA104="NO",AB104="NO",AC104="NO"),"No aceptable","Aceptable") -> Aceptable
A105: =Inicial!A101 -> 99 | B105: =Inicial!B101 -> Desposte | C105: =Inicial!C101 -> Operador Linea Piernas | D105: =Inicial!D101 -> Recibir producto | E105: =IF(Inicial!K101="SI",Inicial!E101,"N/A") -> N/A | F105: =IF(Inicial!K101="SI",Inicial!F101,"N/A") -> N/A | G105: =IF(Inicial!K101="SI",Inicial!G101,"N/A") -> N/A | H105: =IF(Inicial!K101="SI",Inicial!H101,"N/A") -> N/A | I105: =IF(Inicial!K101="SI",Inicial!I101,"N/A") -> N/A | AD105: =IF(OR(J105="NO",K105="NO",L105="NO",M105="NO",N105="NO",O105="NO",P105="NO",R105="NO",S105="NO",T105="NO",U105="NO", V105="NO",W105="NO",Y105="NO",Z105="NO",AA105="NO",AB105="NO",AC105="NO"),"No aceptable","Aceptable") -> Aceptable
A106: =Inicial!A102 -> 100 | B106: =Inicial!B102 -> Desposte | C106: =Inicial!C102 -> Operador Linea Piernas | D106: =Inicial!D102 -> Pegar etiqueta | E106: =IF(Inicial!K102="SI",Inicial!E102,"N/A") -> N/A | F106: =IF(Inicial!K102="SI",Inicial!F102,"N/A") -> N/A | G106: =IF(Inicial!K102="SI",Inicial!G102,"N/A") -> N/A | H106: =IF(Inicial!K102="SI",Inicial!H102,"N/A") -> N/A | I106: =IF(Inicial!K102="SI",Inicial!I102,"N/A") -> N/A | AD106: =IF(OR(J106="NO",K106="NO",L106="NO",M106="NO",N106="NO",O106="NO",P106="NO",R106="NO",S106="NO",T106="NO",U106="NO", V106="NO",W106="NO",Y106="NO",Z106="NO",AA106="NO",AB106="NO",AC106="NO"),"No aceptable","Aceptable") -> Aceptable
A107: =Inicial!A103 -> 101 | B107: =Inicial!B103 -> Desposte | C107: =Inicial!C103 -> Operador Linea Piernas | D107: =Inicial!D103 -> evacuar bandeja | E107: =IF(Inicial!K103="SI",Inicial!E103,"N/A") -> N/A | F107: =IF(Inicial!K103="SI",Inicial!F103,"N/A") -> N/A | G107: =IF(Inicial!K103="SI",Inicial!G103,"N/A") -> N/A | H107: =IF(Inicial!K103="SI",Inicial!H103,"N/A") -> N/A | I107: =IF(Inicial!K103="SI",Inicial!I103,"N/A") -> N/A | AD107: =IF(OR(J107="NO",K107="NO",L107="NO",M107="NO",N107="NO",O107="NO",P107="NO",R107="NO",S107="NO",T107="NO",U107="NO", V107="NO",W107="NO",Y107="NO",Z107="NO",AA107="NO",AB107="NO",AC107="NO"),"No aceptable","Aceptable") -> Aceptable
A108: =Inicial!A104 -> 102 | B108: =Inicial!B104 -> Desposte | C108: =Inicial!C104 -> Operador Línea Empaque | D108: =Inicial!D104 -> Palletizado | E108: =IF(Inicial!K104="SI",Inicial!E104,"N/A") -> N/A | F108: =IF(Inicial!K104="SI",Inicial!F104,"N/A") -> N/A | G108: =IF(Inicial!K104="SI",Inicial!G104,"N/A") -> N/A | H108: =IF(Inicial!K104="SI",Inicial!H104,"N/A") -> N/A | I108: =IF(Inicial!K104="SI",Inicial!I104,"N/A") -> N/A | AD108: =IF(OR(J108="NO",K108="NO",L108="NO",M108="NO",N108="NO",O108="NO",P108="NO",R108="NO",S108="NO",T108="NO",U108="NO", V108="NO",W108="NO",Y108="NO",Z108="NO",AA108="NO",AB108="NO",AC108="NO"),"No aceptable","Aceptable") -> Aceptable
... A125: =Inicial!A121 -> 0 | B125: =Inicial!B121 -> 0 | C125: =Inicial!C121 -> 0 | D125: =Inicial!D121 -> 0 | E125: =IF(Inicial!K121="SI",Inicial!E121,"N/A") -> N/A | F125: =IF(Inicial!K121="SI",Inicial!F121,"N/A") -> N/A | G125: =IF(Inicial!K121="SI",Inicial!G121,"N/A") -> N/A | H125: =IF(Inicial!K121="SI",Inicial!H121,"N/A") -> N/A | I125: =IF(Inicial!K121="SI",Inicial!I121,"N/A") -> N/A | AD125: =IF(OR(J125="NO",K125="NO",L125="NO",M125="NO",N125="NO",O125="NO",P125="NO",R125="NO",S125="NO",T125="NO",U125="NO", V125="NO",W125="NO",Y125="NO",Z125="NO",AA125="NO",AB125="NO",AC125="NO"),"No aceptable","Aceptable") -> Aceptable

Sheet MMC Levantamiento-Descenso
A1: Levantamiento y Descenso | F1: Horas extras | H1: N° Trabajadores Expuestos | J1: IDENTIFICACIÓN AVANZADA – Tarea(s) con MMC: Levantamiento, Descenso y Transporte de cargas de 3kg o más – Condición Aceptable AMBIENTE TRABAJO | M1: IDENTIFICACIÓN AVANZADA – Tarea(s) con MMC: Levantamiento, Descenso y Transporte de cargas de 3kg o más – Condición Aceptable CARACTERITICA DE LA CARGA | Q1: IDENTIFICACIÓN AVANZADA – Tarea(s) con MMC: Levantamiento, Descenso y Transporte de cargas de 3kg o más – Condición Aceptable PESO DE CARGA 3KG A 5 KG | U1: IDENTIFICACIÓN AVANZADA – Tarea(s) con MMC: Levantamiento, Descenso y Transporte de cargas de 3kg o más – Condición Aceptable PESO DE CARGA 5 KG A 10 KG | Y1: IDENTIFICACIÓN AVANZADA – Tarea(s) con MMC: Levantamiento, Descenso y Transporte de cargas de 3kg o más – Condición Aceptable SOBRE 10 KG | Z1: Transporte manual de carga. ¿El peso acumulado transportado* es menor a los valores recomendados? Distancia <= 10 metros | AC1: Transporte manual de carga. ¿El peso acumulado transportado* es menor a los valores recomendados? Distancia > = 10 metros | AF1: RESULTADO | AG1: IDENTIFICACIÓN AVANZADA – Tarea(s) con MMC: Levantamiento, Descenso y Transporte de cargas de 3kg o más – Condición Crítica AMBIENTE TRABAJO | AJ1: IDENTIFICACIÓN AVANZADA – Tarea(s) con MMC: Levantamiento, Descenso y Transporte de cargas de 3kg o más – Condición Crítica CARACTERISTICA DE LA CARGA | AN1: IDENTIFICACIÓN AVANZADA – Tarea(s) con MMC: Levantamiento, Descenso y Transporte de cargas de 3kg o más – Condición Crítica HORAS DE TRABAJO | AO1: Presencia de tarea de levantamiento/descenso y transporte de carga con condiciones de diseño y frecuencia que exceden los valores máximos sugeridos | AV1: Condición crítica: presencia de tarea de levantamiento/descenso y transporte con peso de la carga que exceda los siguientes límites | BA1: Levantamiento / descenso y transporte manual de carga | BC1: RESULTADO | BD1: Plan de acción
A2: N° | B2: Área de trabajo | C2: Puesto de trabajo | D2: Tareas del puesto de trabajo | E2: Horario de funcionamiento | F2: Por dia | G2: Por Semana | H2: HOMBRE | I2: MUJER | J2: La temperatura en donde se realiza la tarea está entre los 18° y 26° (grados Celsius). | K2: El piso se encuentra en buenas condiciones (regular, seco y estable) | L2: El espacio de trabajo permite el normal movimiento de los trabajadores (sin generar posturas incómodas) durante el levantamiento/descenso y/o transporte | M2: El tamaño de la carga permite la visibilidad y movimientos normales del trabajador | N2: El centro de gravedad de la carga es estable | O2: La carga permite su agarre sin riesgo de cortes, compresión o quemaduras. | P2: La tarea de levantamiento/descenso o transporte de carga dura menos de 8 horas. | Q2: Se observa ausencia de asimetría (Ej: cuerpo rotado, torsión y/o inclinación de tronco) | R2: La carga es mantenida cerca del cuerpo | S2: El desplazamiento vertical de la carga se realiza entre las caderas y los hombros | T2: Frecuencia máxima de MMC: el levantamiento/descenso es menor a 5 veces por minuto | U2: Se observa ausencia de asimetría (Ej: cuerpo rotado, torsión y/o inclinación de tronco) | V2: La carga es mantenida cerca del cuerpo | W2: El desplazamiento vertical de la carga se realiza entre las caderas y los hombros | X2: Frecuencia máxima de MMC: el levantamiento/descenso es menor a 1 vez por minuto | Y2: Ausencia de cargas mayores a 10 kg | Z2: 8 hr = 10.000 kg | AA2: 1 hora = 1.500 kilos | AB2: 1 minuto = 30 kilos | AC2: 8 hr = 6.000 kg | AD2: 1 hora = 750 kilos | AE2: 1 minuto = 15 kilos | AF2: Condición Aceptable | AG2: Presencia de temperatura extrema (bajo 16° o superior a los 26° grados Celsius) y sin ropa adecuada que proteja de las temperaturas extremas | AH2: Presencia de suelo resbaladizo, irregular o inestable | AI2: Presencia de espacio insuficiente para el levantamiento/descenso y transporte de carga que genera posturas incómodas o restricción en el movimiento. | AJ2: El tamaño de la carga reduce la visión del trabajador y/o dificulta su movimiento | AK2: El centro de gravedad de la carga no es estable (ej.: líquidos, elementos que se mueven dentro de la carga) | AL2: La forma/configuración de la carga presenta bordes, superficies o protuberancias afiladas | AM2: Las superficies de contacto son demasiado frías o demasiado calientes | AN2: La tarea de levantamiento/descenso o transporte de carga dura más de 8 hrs. | AO2: Posición vertical La ubicación de las manos al inicio o final del levantamiento/descenso de una carga es superior a 155 cm o inferior a 20 cm | AP2: Desplazamiento vertical La distancia vertical entre el origen y el destino del objeto manipulado es mayor a 135 cm | AQ2: Distancia horizontal La distancia horizontal entre el cuerpo y las manos (nudillos) es superior a 55 cm correspondiente a la zona de alcance máximo de brazos | AR2: Asimetría Rotación o inclinación extrema del tronco sin movimientos de los pies | AS2: Frecuencia Corta duración: más de 15 levant./desc. por min, en una tarea que no supere los 60 min seguidos en el turno de trabajo y seguida de al menos 60 min de desc. o tarea liviana (que no implique MMC) | AT2: Frecuencia Media duración: + de 12 levant/desc por min, en una tarea que no supere los 120 min seguidos en el turno de trabajo y seguida de al menos 30 min de descanso o tarea liviana (que no implique MMC). | AU2: Frecuencia Larga duración: más de 8 levantamientos/descensos por minuto, en una tarea que supere los 120 minutos seguidos en el turno de trabajo | AV2: nbhjiiiiiiiiiiiikkkkkkkkkkkkkkkkkkkkkkkkkkkkkkkkkkkkkkkkkkkkkkkkkkkkkkkkkkkkkkkkkkkkkkkkkkkkkkkkkkkkkkkkkkkkkkkkkkkkkkkkkkkkkkkkkkkkkkkkkkkkkkkkkkkkkkkkkkkkkkk bn | AW2: Mujeres (18-45 años) 20KG | AX2: Hombres (<18 o >45 años) 20KG | AY2: Mujeres (<18 o >45 años) 15KG | AZ2: Mujer embarazada 3KG | BA2: Distancia de transporte de 20 mt o más 6.000 kg en 8 hr | BB2: Distancia de transporte menos de 20 mt 10.000 kg en 8 hr | BC2: Condición Crítica | BD2: Fecha aplicación identificación avanzada | BE2: Medidas de control (administrativas) | BF2: Medidas de control (Ingeniería) | BG2: Responsable aplicación medida | BH2: Fecha de implementación medidas (Max 90 días) | BI2: Evidencia
A3: =Inicial!A3 -> 1 | B3: =Inicial!B3 -> Congelado | C3: =Inicial!C3 -> Operador sala de cajas | D3: =Inicial!D3 -> Armado de cajas (tapa Vetado) | E3: =IF(Inicial!L3="SI",Inicial!E3,"N/A") -> N/A | F3: =IF(Inicial!L3="SI",Inicial!F3,"N/A") -> N/A | G3: =IF(Inicial!L3="SI",Inicial!G3,"N/A") -> N/A | H3: =IF(Inicial!L3="SI",Inicial!H3,"N/A") -> N/A | I3: =IF(Inicial!L3="SI",Inicial!I3,"N/A") -> N/A | AF3: {=IF(OR(M3:AE3="NO"),"No aceptable","Aceptable")} -> Aceptable | BC3: {=IF(OR(AJ3:BB3="SI"),"Critico","No Critico")} -> No Critico
A4: =Inicial!A4 -> 2 | B4: =Inicial!B4 -> Congelado | C4: =Inicial!C4 -> Operador sala de cajas | D4: =Inicial!D4 -> Armado de cajas (fondo Vetado) | E4: =IF(Inicial!L4="SI",Inicial!E4,"N/A") -> N/A | F4: =IF(Inicial!L4="SI",Inicial!F4,"N/A") -> N/A | G4: =IF(Inicial!L4="SI",Inicial!G4,"N/A") -> N/A | H4: =IF(Inicial!L4="SI",Inicial!H4,"N/A") -> N/A | I4: =IF(Inicial!L4="SI",Inicial!I4,"N/A") -> N/A | AF4: {=IF(OR(M4:AE4="NO"),"No aceptable","Aceptable")} -> Aceptable | BC4: {=IF(OR(AJ4:BB4="SI"),"Critico","No Critico")} -> No Critico
A5: =Inicial!A5 -> 3 | B5: =Inicial!B5 -> Congelado | C5: =Inicial!C5 -> Operador sala de cajas | D5: =Inicial!D5 -> Armado de cajas (Tapa Mloin) | E5: =IF(Inicial!L5="SI",Inicial!E5,"N/A") -> N/A | F5: =IF(Inicial!L5="SI",Inicial!F5,"N/A") -> N/A | G5: =IF(Inicial!L5="SI",Inicial!G5,"N/A") -> N/A | H5: =IF(Inicial!L5="SI",Inicial!H5,"N/A") -> N/A | I5: =IF(Inicial!L5="SI",Inicial!I5,"N/A") -> N/A | AF5: {=IF(OR(M5:AE5="NO"),"No aceptable","Aceptable")} -> Aceptable | BC5: {=IF(OR(AJ5:BB5="SI"),"Critico","No Critico")} -> No Critico
A6: =Inicial!A6 -> 4 | B6: =Inicial!B6 -> Congelado | C6: =Inicial!C6 -> Operador sala de cajas | D6: =Inicial!D6 -> Armado de cajas (Fondo Mloin) | E6: =IF(Inicial!L6="SI",Inicial!E6,"N/A") -> N/A | F6: =IF(Inicial!L6="SI",Inicial!F6,"N/A") -> N/A | G6: =IF(Inicial!L6="SI",Inicial!G6,"N/A") -> N/A | H6: =IF(Inicial!L6="SI",Inicial!H6,"N/A") -> N/A | I6: =IF(Inicial!L6="SI",Inicial!I6,"N/A") -> N/A | AF6: {=IF(OR(M6:AE6="NO"),"No aceptable","Aceptable")} -> Aceptable | BC6: {=IF(OR(AJ6:BB6="SI"),"Critico","No Critico")} -> No Critico
A7: =Inicial!A7 -> 5 | B7: =Inicial!B7 -> Congelado | C7: =Inicial!C7 -> Operador sala de cajas | D7: =Inicial!D7 -> Armado de Cajas Tapa Panceta | E7: =IF(Inicial!L7="SI",Inicial!E7,"N/A") -> N/A | F7: =IF(Inicial!L7="SI",Inicial!F7,"N/A") -> N/A | G7: =IF(Inicial!L7="SI",Inicial!G7,"N/A") -> N/A | H7: =IF(Inicial!L7="SI",Inicial!H7,"N/A") -> N/A | I7: =IF(Inicial!L7="SI",Inicial!I7,"N/A") -> N/A | AF7: {=IF(OR(M7:AE7="NO"),"No aceptable","Aceptable")} -> Aceptable | BC7: {=IF(OR(AJ7:BB7="SI"),"Critico","No Critico")} -> No Critico
A8: =Inicial!A8 -> 6 | B8: =Inicial!B8 -> Congelado | C8: =Inicial!C8 -> Operador sala de cajas | D8: =Inicial!D8 -> Armado Caja Fondo Panceta | E8: =IF(Inicial!L8="SI",Inicial!E8,"N/A") -> N/A | F8: =IF(Inicial!L8="SI",Inicial!F8,"N/A") -> N/A | G8: =IF(Inicial!L8="SI",Inicial!G8,"N/A") -> N/A | H8: =IF(Inicial!L8="SI",Inicial!H8,"N/A") -> N/A | I8: =IF(Inicial!L8="SI",Inicial!I8,"N/A") -> N/A | AF8: {=IF(OR(M8:AE8="NO"),"No aceptable","Aceptable")} -> Aceptable | BC8: {=IF(OR(AJ8:BB8="SI"),"Critico","No Critico")} -> No Critico
A9: =Inicial!A9 -> 7 | B9: =Inicial!B9 -> Congelado | C9: =Inicial!C9 -> Operador sala de cajas | D9: =Inicial!D9 -> Armado de cajas (Tapa Filete) | E9: =IF(Inicial!L9="SI",Inicial!E9,"N/A") -> N/A | F9: =IF(Inicial!L9="SI",Inicial!F9,"N/A") -> N/A | G9: =IF(Inicial!L9="SI",Inicial!G9,"N/A") -> N/A | H9: =IF(Inicial!L9="SI",Inicial!H9,"N/A") -> N/A | I9: =IF(Inicial!L9="SI",Inicial!I9,"N/A") -> N/A | AF9: {=IF(OR(M9:AE9="NO"),"No aceptable","Aceptable")} -> Aceptable | BC9: {=IF(OR(AJ9:BB9="SI"),"Critico","No Critico")} -> No Critico
A10: =Inicial!A10 -> 8 | B10: =Inicial!B10 -> Congelado | C10: =Inicial!C10 -> Operador sala de cajas | D10: =Inicial!D10 -> Armado de cajas (Fondo Filete) | E10: =IF(Inicial!L10="SI",Inicial!E10,"N/A") -> N/A | F10: =IF(Inicial!L10="SI",Inicial!F10,"N/A") -> N/A | G10: =IF(Inicial!L10="SI",Inicial!G10,"N/A") -> N/A | H10: =IF(Inicial!L10="SI",Inicial!H10,"N/A") -> N/A | I10: =IF(Inicial!L10="SI",Inicial!I10,"N/A") -> N/A | AF10: {=IF(OR(M10:AE10="NO"),"No aceptable","Aceptable")} -> Aceptable | BC10: {=IF(OR(AJ10:BB10="SI"),"Critico","No Critico")} -> No Critico
A11: =Inicial!A11 -> 9 | B11: =Inicial!B11 -> Congelado | C11: =Inicial!C11 -> Operador sala de cajas | D11: =Inicial!D11 -> Armado de cajas (Fondo Filete) | E11: =IF(Inicial!L11="SI",Inicial!E11,"N/A") -> N/A | F11: =IF(Inicial!L11="SI",Inicial!F11,"N/A") -> N/A | G11: =IF(Inicial!L11="SI",Inicial!G11,"N/A") -> N/A | H11: =IF(Inicial!L11="SI",Inicial!H11,"N/A") -> N/A | I11: =IF(Inicial!L11="SI",Inicial!I11,"N/A") -> N/A | AF11: {=IF(OR(M11:AE11="NO"),"No aceptable","Aceptable")} -> Aceptable | BC11: {=IF(OR(AJ11:BB11="SI"),"Critico","No Critico")} -> No Critico
A12: =Inicial!A12 -> 10 | B12: =Inicial!B12 -> Congelado | C12: =Inicial!C12 -> Operador sala de cajas | D12: =Inicial!D12 -> Recibir Fondos y tapas | E12: =IF(Inicial!L12="SI",Inicial!E12,"N/A") -> N/A | F12: =IF(Inicial!L12="SI",Inicial!F12,"N/A") -> N/A | G12: =IF(Inicial!L12="SI",Inicial!G12,"N/A") -> N/A | H12: =IF(Inicial!L12="SI",Inicial!H12,"N/A") -> N/A | I12: =IF(Inicial!L12="SI",Inicial!I12,"N/A") -> N/A | AF12: {=IF(OR(M12:AE12="NO"),"No aceptable","Aceptable")} -> Aceptable | BC12: {=IF(OR(AJ12:BB12="SI"),"Critico","No Critico")} -> No Critico
A13: =Inicial!A13 -> 11 | B13: =Inicial!B13 -> Congelado | C13: =Inicial!C13 -> Operador sala de cajas | D13: =Inicial!D13 -> Colgar Fondos y Tapas | E13: =IF(Inicial!L13="SI",Inicial!E13,"N/A") -> N/A | F13: =IF(Inicial!L13="SI",Inicial!F13,"N/A") -> N/A | G13: =IF(Inicial!L13="SI",Inicial!G13,"N/A") -> N/A | H13: =IF(Inicial!L13="SI",Inicial!H13,"N/A") -> N/A | I13: =IF(Inicial!L13="SI",Inicial!I13,"N/A") -> N/A | AF13: {=IF(OR(M13:AE13="NO"),"No aceptable","Aceptable")} -> Aceptable | BC13: {=IF(OR(AJ13:BB13="SI"),"Critico","No Critico")} -> No Critico
A14: =Inicial!A14 -> 12 | B14: =Inicial!B14 -> Congelado | C14: =Inicial!C14 -> Operador sala Congelado | D14: =Inicial!D14 -> Calibrar | E14: =IF(Inicial!L14="SI",Inicial!E14,"N/A") -> N/A | F14: =IF(Inicial!L14="SI",Inicial!F14,"N/A") -> N/A | G14: =IF(Inicial!L14="SI",Inicial!G14,"N/A") -> N/A | H14: =IF(Inicial!L14="SI",Inicial!H14,"N/A") -> N/A | I14: =IF(Inicial!L14="SI",Inicial!I14,"N/A") -> N/A | AF14: {=IF(OR(M14:AE14="NO"),"No aceptable","Aceptable")} -> Aceptable | BC14: {=IF(OR(AJ14:BB14="SI"),"Critico","No Critico")} -> No Critico
A15: =Inicial!A15 -> 13 | B15: =Inicial!B15 -> Congelado | C15: =Inicial!C15 -> Operador sala Congelado | D15: =Inicial!D15 -> Palletizar | E15: =IF(Inicial!L15="SI",Inicial!E15,"N/A") -> Am 07:40 a 15:30 Pm 18:10 a 03:30 Puente: 13:10 a 22:30 | F15: =IF(Inicial!L15="SI",Inicial!F15,"N/A") -> 1 | G15: =IF(Inicial!L15="SI",Inicial!G15,"N/A") -> 6 | H15: =IF(Inicial!L15="SI",Inicial!H15,"N/A") -> 24 | I15: =IF(Inicial!L15="SI",Inicial!I15,"N/A") -> 0 | J15: NO | K15: SI | L15: SI | M15: SI | N15: SI | O15: SI | P15: SI | Q15: N/A | R15: N/A | S15: N/A | T15: N/A | U15: N/A | V15: N/A | W15: N/A | X15: N/A | Y15: NO | Z15: SI | AA15: SI | AB15: SI | AC15: SI | AD15: NO | AE15: NO | AF15: {=IF(OR(M15:AE15="NO"),"No aceptable","Aceptable")} -> No aceptable | AG15: NO | AH15: NO | AI15: NO | AJ15: NO | AK15: NO | AL15: NO | AM15: NO | AN15: NO | AO15: SI | AP15: NO | AQ15: SI | AR15: SI | AS15: NO | AT15: NO | AU15: NO | AV15: NO | AW15: NO | AX15: NO | AY15: NO | AZ15: NO | BA15: NO | BB15: NO | BC15: {=IF(OR(AJ15:BB15="SI"),"Critico","No Critico")} -> Critico
A16: =Inicial!A16 -> 14 | B16: =Inicial!B16 -> Congelado | C16: =Inicial!C16 -> Operador sala Congelado | D16: =Inicial!D16 -> Romanero | E16: =IF(Inicial!L16="SI",Inicial!E16,"N/A") -> N/A | F16: =IF(Inicial!L16="SI",Inicial!F16,"N/A") -> N/A | G16: =IF(Inicial!L16="SI",Inicial!G16,"N/A") -> N/A | H16: =IF(Inicial!L16="SI",Inicial!H16,"N/A") -> N/A | I16: =IF(Inicial!L16="SI",Inicial!I16,"N/A") -> N/A | AF16: {=IF(OR(M16:AE16="NO"),"No aceptable","Aceptable")} -> Aceptable | BC16: {=IF(OR(AJ16:BB16="SI"),"Critico","No Critico")} -> No Critico
A17: =Inicial!A17 -> 15 | B17: =Inicial!B17 -> Congelado | C17: =Inicial!C17 -> Operador sala Congelado | D17: =Inicial!D17 -> Etiquetar | E17: =IF(Inicial!L17="SI",Inicial!E17,"N/A") -> N/A | F17: =IF(Inicial!L17="SI",Inicial!F17,"N/A") -> N/A | G17: =IF(Inicial!L17="SI",Inicial!G17,"N/A") -> N/A | H17: =IF(Inicial!L17="SI",Inicial!H17,"N/A") -> N/A | I17: =IF(Inicial!L17="SI",Inicial!I17,"N/A") -> N/A | AF17: {=IF(OR(M17:AE17="NO"),"No aceptable","Aceptable")} -> Aceptable | BC17: {=IF(OR(AJ17:BB17="SI"),"Critico","No Critico")} -> No Critico
A18: =Inicial!A18 -> 16 | B18: =Inicial!B18 -> Congelado | C18: =Inicial!C18 -> Operador sala Congelado | D18: =Inicial!D18 -> Direccionar Producto (Mal Enviado) | E18: =IF(Inicial!L18="SI",Inicial!E18,"N/A") -> N/A | F18: =IF(Inicial!L18="SI",Inicial!F18,"N/A") -> N/A | G18: =IF(Inicial!L18="SI",Inicial!G18,"N/A") -> N/A | H18: =IF(Inicial!L18="SI",Inicial!H18,"N/A") -> N/A | I18: =IF(Inicial!L18="SI",Inicial!I18,"N/A") -> N/A | AF18: {=IF(OR(M18:AE18="NO"),"No aceptable","Aceptable")} -> Aceptable | BC18: {=IF(OR(AJ18:BB18="SI"),"Critico","No Critico")} -> No Critico
A19: =Inicial!A19 -> 17 | B19: =Inicial!B19 -> Congelado | C19: =Inicial!C19 -> Operador sala Congelado | D19: =Inicial!D19 -> Voltear Producto (Volteador) | E19: =IF(Inicial!L19="SI",Inicial!E19,"N/A") -> N/A | F19: =IF(Inicial!L19="SI",Inicial!F19,"N/A") -> N/A | G19: =IF(Inicial!L19="SI",Inicial!G19,"N/A") -> N/A | H19: =IF(Inicial!L19="SI",Inicial!H19,"N/A") -> N/A | I19: =IF(Inicial!L19="SI",Inicial!I19,"N/A") -> N/A | AF19: {=IF(OR(M19:AE19="NO"),"No aceptable","Aceptable")} -> Aceptable | BC19: {=IF(OR(AJ19:BB19="SI"),"Critico","No Critico")} -> No Critico
A20: =Inicial!A20 -> 18 | B20: =Inicial!B20 -> Congelado | C20: =Inicial!C20 -> Operador sala Congelado | D20: =Inicial!D20 -> Embalar Vetado | E20: =IF(Inicial!L20="SI",Inicial!E20,"N/A") -> N/A | F20: =IF(Inicial!L20="SI",Inicial!F20,"N/A") -> N/A | G20: =IF(Inicial!L20="SI",Inicial!G20,"N/A") -> N/A | H20: =IF(Inicial!L20="SI",Inicial!H20,"N/A") -> N/A | I20: =IF(Inicial!L20="SI",Inicial!I20,"N/A") -> N/A | AF20: {=IF(OR(M20:AE20="NO"),"No aceptable","Aceptable")} -> Aceptable | BC20: {=IF(OR(AJ20:BB20="SI"),"Critico","No Critico")} -> No Critico
A21: =Inicial!A21 -> 19 | B21: =Inicial!B21 -> Congelado | C21: =Inicial!C21 -> Operador sala Congelado | D21: =Inicial!D21 -> Embalar Panceta | E21: =IF(Inicial!L21="SI",Inicial!E21,"N/A") -> N/A | F21: =IF(Inicial!L21="SI",Inicial!F21,"N/A") -> N/A | G21: =IF(Inicial!L21="SI",Inicial!G21,"N/A") -> N/A | H21: =IF(Inicial!L21="SI",Inicial!H21,"N/A") -> N/A | I21: =IF(Inicial!L21="SI",Inicial!I21,"N/A") -> N/A | AF21: {=IF(OR(M21:AE21="NO"),"No aceptable","Aceptable")} -> Aceptable | BC21: {=IF(OR(AJ21:BB21="SI"),"Critico","No Critico")} -> No Critico
A22: =Inicial!A22 -> 20 | B22: =Inicial!B22 -> Congelado | C22: =Inicial!C22 -> Operador sala Congelado | D22: =Inicial!D22 -> Embalar Filete | E22: =IF(Inicial!L22="SI",Inicial!E22,"N/A") -> N/A | F22: =IF(Inicial!L22="SI",Inicial!F22,"N/A") -> N/A | G22: =IF(Inicial!L22="SI",Inicial!G22,"N/A") -> N/A | H22: =IF(Inicial!L22="SI",Inicial!H22,"N/A") -> N/A | I22: =IF(Inicial!L22="SI",Inicial!I22,"N/A") -> N/A | AF22: {=IF(OR(M22:AE22="NO"),"No aceptable","Aceptable")} -> Aceptable | BC22: {=IF(OR(AJ22:BB22="SI"),"Critico","No Critico")} -> No Critico
A23: =Inicial!A23 -> 21 | B23: =Inicial!B23 -> Congelado | C23: =Inicial!C23 -> Operador sala Congelado | D23: =Inicial!D23 -> Embalar Mloin | E23: =IF(Inicial!L23="SI",Inicial!E23,"N/A") -> N/A | F23: =IF(Inicial!L23="SI",Inicial!F23,"N/A") -> N/A | G23: =IF(Inicial!L23="SI",Inicial!G23,"N/A") -> N/A | H23: =IF(Inicial!L23="SI",Inicial!H23,"N/A") -> N/A | I23: =IF(Inicial!L23="SI",Inicial!I23,"N/A") -> N/A | AF23: {=IF(OR(M23:AE23="NO"),"No aceptable","Aceptable")} -> Aceptable | BC23: {=IF(OR(AJ23:BB23="SI"),"Critico","No Critico")} -> No Critico
A24: =Inicial!A24 -> 22 | B24: =Inicial!B24 -> Congelado | C24: =Inicial!C24 -> Operador sala Congelado | D24: =Inicial!D24 -> Tapar Caja | E24: =IF(Inicial!L24="SI",Inicial!E24,"N/A") -> N/A | F24: =IF(Inicial!L24="SI",Inicial!F24,"N/A") -> N/A | G24: =IF(Inicial!L24="SI",Inicial!G24,"N/A") -> N/A | H24: =IF(Inicial!L24="SI",Inicial!H24,"N/A") -> N/A | I24: =IF(Inicial!L24="SI",Inicial!I24,"N/A") -> N/A | AF24: {=IF(OR(M24:AE24="NO"),"No aceptable","Aceptable")} -> Aceptable | BC24: {=IF(OR(AJ24:BB24="SI"),"Critico","No Critico")} -> No Critico
A25: =Inicial!A25 -> 23 | B25: =Inicial!B25 -> Congelado | C25: =Inicial!C25 -> Operador sala Congelado | D25: =Inicial!D25 -> Despalletizar | E25: =IF(Inicial!L25="SI",Inicial!E25,"N/A") -> 0 | F25: =IF(Inicial!L25="SI",Inicial!F25,"N/A") -> 1 | G25: =IF(Inicial!L25="SI",Inicial!G25,"N/A") -> 6 | H25: =IF(Inicial!L25="SI",Inicial!H25,"N/A") -> 48 | I25: =IF(Inicial!L25="SI",Inicial!I25,"N/A") -> 0 | J25: NO | K25: SI | L25: SI | M25: SI | N25: SI | O25: SI | P25: SI | Q25: SI | R25: SI | S25: NO | T25: SI | U25: N/A | V25: N/A | W25: N/A | X25: N/A | Y25: NO | Z25: SI | AA25: SI | AB25: SI | AC25: SI | AD25: NO | AE25: NO | AF25: {=IF(OR(M25:AE25="NO"),"No aceptable","Aceptable")} -> No aceptable | AG25: NO | AH25: NO | AI25: NO | AJ25: NO | AK25: NO | AL25: NO | AM25: NO | AN25: NO | AO25: SI | AP25: SI | AQ25: SI | AR25: NO | AS25: NO | AT25: NO | AU25: NO | AV25: NO | AW25: NO | AX25: NO | AY25: NO | AZ25: NO | BA25: NO | BB25: NO | BC25: {=IF(OR(AJ25:BB25="SI"),"Critico","No Critico")} -> Critico
A26: =Inicial!A26 -> 24 | B26: =Inicial!B26 -> Congelado | C26: =Inicial!C26 -> Operador sala Congelado | D26: =Inicial!D26 -> Traspaleta | E26: =IF(Inicial!L26="SI",Inicial!E26,"N/A") -> N/A | F26: =IF(Inicial!L26="SI",Inicial!F26,"N/A") -> N/A | G26: =IF(Inicial!L26="SI",Inicial!G26,"N/A") -> N/A | H26: =IF(Inicial!L26="SI",Inicial!H26,"N/A") -> N/A | I26: =IF(Inicial!L26="SI",Inicial!I26,"N/A") -> N/A | AF26: {=IF(OR(M26:AE26="NO"),"No aceptable","Aceptable")} -> Aceptable | BC26: {=IF(OR(AJ26:BB26="SI"),"Critico","No Critico")} -> No Critico
A27: =Inicial!A27 -> 25 | B27: =Inicial!B27 -> Desposte | C27: =Inicial!C27 -> Operador de linea plancha | D27: =Inicial!D27 -> Abastecer Maja | E27: =IF(Inicial!L27="SI",Inicial!E27,"N/A") -> N/A | F27: =IF(Inicial!L27="SI",Inicial!F27,"N/A") -> N/A | G27: =IF(Inicial!L27="SI",Inicial!G27,"N/A") -> N/A | H27: =IF(Inicial!L27="SI",Inicial!H27,"N/A") -> N/A | I27: =IF(Inicial!L27="SI",Inicial!I27,"N/A") -> N/A | AF27: {=IF(OR(M27:AE27="NO"),"No aceptable","Aceptable")} -> Aceptable | BC27: {=IF(OR(AJ27:BB27="SI"),"Critico","No Critico")} -> No Critico
A28: =Inicial!A28 -> 26 | B28: =Inicial!B28 -> Desposte | C28: =Inicial!C28 -> Operador de linea plancha | D28: =Inicial!D28 -> Embalar Cuero | E28: =IF(Inicial!L28="SI",Inicial!E28,"N/A") -> 06:30 14:50 / 17:30 a 02:50 | F28: =IF(Inicial!L28="SI",Inicial!F28,"N/A") -> 1 | G28: =IF(Inicial!L28="SI",Inicial!G28,"N/A") -> 6 | H28: =IF(Inicial!L28="SI",Inicial!H28,"N/A") -> 24 | I28: =IF(Inicial!L28="SI",Inicial!I28,"N/A") -> 3 | J28: NO | K28: SI | L28: SI | M28: SI | N28: SI | O28: SI | P28: SI | Q28: SI | R28: SI | S28: SI | T28: SI | U28: N/A | V28: N/A | W28: N/A | X28: N/A | Y28: NO | Z28: SI | AA28: SI | AB28: SI | AC28: SI | AD28: SI | AE28: SI | AF28: {=IF(OR(M28:AE28="NO"),"No aceptable","Aceptable")} -> No aceptable | BC28: {=IF(OR(AJ28:BB28="SI"),"Critico","No Critico")} -> No Critico
A29: =Inicial!A29 -> 27 | B29: =Inicial!B29 -> Desposte | C29: =Inicial!C29 -> Operador de linea plancha | D29: =Inicial!D29 -> Operador wizard | E29: =IF(Inicial!L29="SI",Inicial!E29,"N/A") -> N/A | F29: =IF(Inicial!L29="SI",Inicial!F29,"N/A") -> N/A | G29: =IF(Inicial!L29="SI",Inicial!G29,"N/A") -> N/A | H29: =IF(Inicial!L29="SI",Inicial!H29,"N/A") -> N/A | I29: =IF(Inicial!L29="SI",Inicial!I29,"N/A") -> N/A | AF29: {=IF(OR(M29:AE29="NO"),"No aceptable","Aceptable")} -> Aceptable | BC29: {=IF(OR(AJ29:BB29="SI"),"Critico","No Critico")} -> No Critico
A30: =Inicial!A30 -> 28 | B30: =Inicial!B30 -> Desposte | C30: =Inicial!C30 -> Operador de linea plancha | D30: =Inicial!D30 -> Sacar Cartilago | E30: =IF(Inicial!L30="SI",Inicial!E30,"N/A") -> N/A | F30: =IF(Inicial!L30="SI",Inicial!F30,"N/A") -> N/A | G30: =IF(Inicial!L30="SI",Inicial!G30,"N/A") -> N/A | H30: =IF(Inicial!L30="SI",Inicial!H30,"N/A") -> N/A | I30: =IF(Inicial!L30="SI",Inicial!I30,"N/A") -> N/A | AF30: {=IF(OR(M30:AE30="NO"),"No aceptable","Aceptable")} -> Aceptable | BC30: {=IF(OR(AJ30:BB30="SI"),"Critico","No Critico")} -> No Critico
A31: =Inicial!A31 -> 29 | B31: =Inicial!B31 -> Desposte | C31: =Inicial!C31 -> Operador de linea plancha | D31: =Inicial!D31 -> Prolijado Lomo tocino | E31: =IF(Inicial!L31="SI",Inicial!E31,"N/A") -> 06:30 14:50 / 17:30 a 02:50 | F31: =IF(Inicial!L31="SI",Inicial!F31,"N/A") -> 1 | G31: =IF(Inicial!L31="SI",Inicial!G31,"N/A") -> 6 | H31: =IF(Inicial!L31="SI",Inicial!H31,"N/A") -> 24 | I31: =IF(Inicial!L31="SI",Inicial!I31,"N/A") -> 3 | AF31: {=IF(OR(M31:AE31="NO"),"No aceptable","Aceptable")} -> Aceptable | BC31: {=IF(OR(AJ31:BB31="SI"),"Critico","No Critico")} -> No Critico
A32: =Inicial!A32 -> 30 | B32: =Inicial!B32 -> Desposte | C32: =Inicial!C32 -> Operador de linea plancha | D32: =Inicial!D32 -> Seleccionador Cuero | E32: =IF(Inicial!L32="SI",Inicial!E32,"N/A") -> N/A | F32: =IF(Inicial!L32="SI",Inicial!F32,"N/A") -> N/A | G32: =IF(Inicial!L32="SI",Inicial!G32,"N/A") -> N/A | H32: =IF(Inicial!L32="SI",Inicial!H32,"N/A") -> N/A | I32: =IF(Inicial!L32="SI",Inicial!I32,"N/A") -> N/A | AF32: {=IF(OR(M32:AE32="NO"),"No aceptable","Aceptable")} -> Aceptable | BC32: {=IF(OR(AJ32:BB32="SI"),"Critico","No Critico")} -> No Critico
A33: =Inicial!A33 -> 31 | B33: =Inicial!B33 -> Desposte | C33: =Inicial!C33 -> Operador de linea plancha | D33: =Inicial!D33 -> Despunte Plancha | E33: =IF(Inicial!L33="SI",Inicial!E33,"N/A") -> N/A | F33: =IF(Inicial!L33="SI",Inicial!F33,"N/A") -> N/A | G33: =IF(Inicial!L33="SI",Inicial!G33,"N/A") -> N/A | H33: =IF(Inicial!L33="SI",Inicial!H33,"N/A") -> N/A | I33: =IF(Inicial!L33="SI",Inicial!I33,"N/A") -> N/A | AF33: {=IF(OR(M33:AE33="NO"),"No aceptable","Aceptable")} -> Aceptable | BC33: {=IF(OR(AJ33:BB33="SI"),"Critico","No Critico")} -> No Critico
A34: =Inicial!A34 -> 32 | B34: =Inicial!B34 -> Desposte | C34: =Inicial!C34 -> Operador de linea plancha | D34: =Inicial!D34 -> Prolijado de Malaya | E34: =IF(Inicial!L34="SI",Inicial!E34,"N/A") -> N/A | F34: =IF(Inicial!L34="SI",Inicial!F34,"N/A") -> N/A | G34: =IF(Inicial!L34="SI",Inicial!G34,"N/A") -> N/A | H34: =IF(Inicial!L34="SI",Inicial!H34,"N/A") -> N/A | I34: =IF(Inicial!L34="SI",Inicial!I34,"N/A") -> N/A | AF34: {=IF(OR(M34:AE34="NO"),"No aceptable","Aceptable")} -> Aceptable | BC34: {=IF(OR(AJ34:BB34="SI"),"Critico","No Critico")} -> No Critico
A35: =Inicial!A35 -> 33 | B35: =Inicial!B35 -> Desposte | C35: =Inicial!C35 -> Operador de linea plancha | D35: =Inicial!D35 -> Calibrado Plancha | E35: =IF(Inicial!L35="SI",Inicial!E35,"N/A") -> N/A | F35: =IF(Inicial!L35="SI",Inicial!F35,"N/A") -> N/A | G35: =IF(Inicial!L35="SI",Inicial!G35,"N/A") -> N/A | H35: =IF(Inicial!L35="SI",Inicial!H35,"N/A") -> N/A | I35: =IF(Inicial!L35="SI",Inicial!I35,"N/A") -> N/A | AF35: {=IF(OR(M35:AE35="NO"),"No aceptable","Aceptable")} -> Aceptable | BC35: {=IF(OR(AJ35:BB35="SI"),"Critico","No Critico")} -> No Critico
A36: =Inicial!A36 -> 34 | B36: =Inicial!B36 -> Desposte | C36: =Inicial!C36 -> Operador Línea Embolsado | D36: =Inicial!D36 -> Embolsado Panceta | E36: =IF(Inicial!L36="SI",Inicial!E36,"N/A") -> N/A | F36: =IF(Inicial!L36="SI",Inicial!F36,"N/A") -> N/A | G36: =IF(Inicial!L36="SI",Inicial!G36,"N/A") -> N/A | H36: =IF(Inicial!L36="SI",Inicial!H36,"N/A") -> N/A | I36: =IF(Inicial!L36="SI",Inicial!I36,"N/A") -> N/A | AF36: {=IF(OR(M36:AE36="NO"),"No aceptable","Aceptable")} -> Aceptable | BC36: {=IF(OR(AJ36:BB36="SI"),"Critico","No Critico")} -> No Critico
A37: =Inicial!A37 -> 35 | B37: =Inicial!B37 -> Desposte | C37: =Inicial!C37 -> Operador Línea Embolsado | D37: =Inicial!D37 -> Embolsado Lomo | E37: =IF(Inicial!L37="SI",Inicial!E37,"N/A") -> N/A | F37: =IF(Inicial!L37="SI",Inicial!F37,"N/A") -> N/A | G37: =IF(Inicial!L37="SI",Inicial!G37,"N/A") -> N/A | H37: =IF(Inicial!L37="SI",Inicial!H37,"N/A") -> N/A | I37: =IF(Inicial!L37="SI",Inicial!I37,"N/A") -> N/A | AF37: {=IF(OR(M37:AE37="NO"),"No aceptable","Aceptable")} -> Aceptable | BC37: {=IF(OR(AJ37:BB37="SI"),"Critico","No Critico")} -> No Critico
A38: =Inicial!A38 -> 36 | B38: =Inicial!B38 -> Desposte | C38: =Inicial!C38 -> Operador Línea Embolsado | D38: =Inicial!D38 -> Embolsado Vetados | E38: =IF(Inicial!L38="SI",Inicial!E38,"N/A") -> N/A | F38: =IF(Inicial!L38="SI",Inicial!F38,"N/A") -> N/A | G38: =IF(Inicial!L38="SI",Inicial!G38,"N/A") -> N/A | H38: =IF(Inicial!L38="SI",Inicial!H38,"N/A") -> N/A | I38: =IF(Inicial!L38="SI",Inicial!I38,"N/A") -> N/A | AF38: {=IF(OR(M38:AE38="NO"),"No aceptable","Aceptable")} -> Aceptable | BC38: {=IF(OR(AJ38:BB38="SI"),"Critico","No Critico")} -> No Critico
A39: =Inicial!A39 -> 37 | B39: =Inicial!B39 -> Desposte | C39: =Inicial!C39 -> Operador Línea Embolsado | D39: =Inicial!D39 -> Embalar | E39: =IF(Inicial!L39="SI",Inicial!E39,"N/A") -> N/A | F39: =IF(Inicial!L39="SI",Inicial!F39,"N/A") -> N/A | G39: =IF(Inicial!L39="SI",Inicial!G39,"N/A") -> N/A | H39: =IF(Inicial!L39="SI",Inicial!H39,"N/A") -> N/A | I39: =IF(Inicial!L39="SI",Inicial!I39,"N/A") -> N/A | AF39: {=IF(OR(M39:AE39="NO"),"No aceptable","Aceptable")} -> Aceptable | BC39: {=IF(OR(AJ39:BB39="SI"),"Critico","No Critico")} -> No Critico
A40: =Inicial!A40 -> 38 | B40: =Inicial!B40 -> Desposte | C40: =Inicial!C40 -> Operador Línea Embolsado | D40: =Inicial!D40 -> Revisar Producto | E40: =IF(Inicial!L40="SI",Inicial!E40,"N/A") -> N/A | F40: =IF(Inicial!L40="SI",Inicial!F40,"N/A") -> N/A | G40: =IF(Inicial!L40="SI",Inicial!G40,"N/A") -> N/A | H40: =IF(Inicial!L40="SI",Inicial!H40,"N/A") -> N/A | I40: =IF(Inicial!L40="SI",Inicial!I40,"N/A") -> N/A | AF40: {=IF(OR(M40:AE40="NO"),"No aceptable","Aceptable")} -> Aceptable | BC40: {=IF(OR(AJ40:BB40="SI"),"Critico","No Critico")} -> No Critico
... A42: =Inicial!A42 -> 40 | B42: =Inicial!B42 -> Desposte | C42: =Inicial!C42 -> Operador Línea Embolsado | D42: =Inicial!D42 -> Abastece Ulma | E42: =IF(Inicial!L42="SI",Inicial!E42,"N/A") -> N/A | F42: =IF(Inicial!L42="SI",Inicial!F42,"N/A") -> N/A | G42: =IF(Inicial!L42="SI",Inicial!G42,"N/A") -> N/A | H42: =IF(Inicial!L42="SI",Inicial!H42,"N/A") -> N/A | I42: =IF(Inicial!L42="SI",Inicial!I42,"N/A") -> N/A | AF42: {=IF(OR(M42:AE42="NO"),"No aceptable","Aceptable")} -> Aceptable | BC42: {=IF(OR(AJ42:BB42="SI"),"Critico","No Critico")} -> No Critico
A43: =Inicial!A43 -> 41 | B43: =Inicial!B43 -> Desposte | C43: =Inicial!C43 -> Operador Línea Embolsado | D43: =Inicial!D43 -> Reciibe ULMA | E43: =IF(Inicial!L43="SI",Inicial!E43,"N/A") -> 06:30 14:50 / 17:30 a 02:50 | F43: =IF(Inicial!L43="SI",Inicial!F43,"N/A") -> 1 | G43: =IF(Inicial!L43="SI",Inicial!G43,"N/A") -> 6 | H43: =IF(Inicial!L43="SI",Inicial!H43,"N/A") -> 0 | I43: =IF(Inicial!L43="SI",Inicial!I43,"N/A") -> 50 | J43: NO | K43: SI | L43: SI | M43: SI | N43: SI | O43: SI | P43: SI | Q43: N/A | R43: N/A | S43: N/A | T43: N/A | U43: N/A | V43: N/A | W43: N/A | X43: N/A | Y43: NO | Z43: SI | AA43: SI | AB43: SI | AC43: SI | AD43: SI | AE43: SI | AF43: {=IF(OR(M43:AE43="NO"),"No aceptable","Aceptable")} -> No aceptable | BC43: {=IF(OR(AJ43:BB43="SI"),"Critico","No Critico")} -> No Critico
A44: =Inicial!A44 -> 42 | B44: =Inicial!B44 -> Desposte | C44: =Inicial!C44 -> Operador Línea Embolsado | D44: =Inicial!D44 -> Sacar Membrana Costillitas Baby Back Rebs | E44: =IF(Inicial!L44="SI",Inicial!E44,"N/A") -> N/A | F44: =IF(Inicial!L44="SI",Inicial!F44,"N/A") -> N/A | G44: =IF(Inicial!L44="SI",Inicial!G44,"N/A") -> N/A | H44: =IF(Inicial!L44="SI",Inicial!H44,"N/A") -> N/A | I44: =IF(Inicial!L44="SI",Inicial!I44,"N/A") -> N/A | AF44: {=IF(OR(M44:AE44="NO"),"No aceptable","Aceptable")} -> Aceptable | BC44: {=IF(OR(AJ44:BB44="SI"),"Critico","No Critico")} -> No Critico
A45: =Inicial!A45 -> 43 | B45: =Inicial!B45 -> Desposte | C45: =Inicial!C45 -> Operador Línea Embolsado | D45: =Inicial!D45 -> Palletizar Costillitas Baby Back Rebs | E45: =IF(Inicial!L45="SI",Inicial!E45,"N/A") -> 06:30 14:50 / 17:30 a 02:50 | F45: =IF(Inicial!L45="SI",Inicial!F45,"N/A") -> 1 | G45: =IF(Inicial!L45="SI",Inicial!G45,"N/A") -> 6 | H45: =IF(Inicial!L45="SI",Inicial!H45,"N/A") -> 0 | I45: =IF(Inicial!L45="SI",Inicial!I45,"N/A") -> 50 | J45: NO | K45: SI | L45: SI | M45: SI | N45: SI | O45: SI | P45: SI | Q45: N/A | R45: N/A | S45: N/A | T45: N/A | U45: N/A | V45: N/A | W45: N/A | X45: N/A | Y45: NO | Z45: SI | AA45: SI | AB45: SI | AC45: N/A | AD45: N/A | AE45: N/A | AF45: {=IF(OR(M45:AE45="NO"),"No aceptable","Aceptable")} -> No aceptable | AG45: SI | AH45: NO | AI45: NO | AJ45: NO | AK45: NO | AL45: NO | AM45: NO | AN45: NO | AO45: SI | AP45: NO | AQ45: NO | AR45: NO | AS45: NO | AT45: NO | AU45: NO | AW45: NO | AX45: NO | AY45: NO | AZ45: NO | BA45: NO | BB45: NO | BC45: {=IF(OR(AJ45:BB45="SI"),"Critico","No Critico")} -> Critico
A46: =Inicial!A46 -> 44 | B46: =Inicial!B46 -> Desposte | C46: =Inicial!C46 -> Operador Línea Embolsado | D46: =Inicial!D46 -> Calibrado de Costillitas | E46: =IF(Inicial!L46="SI",Inicial!E46,"N/A") -> N/A | F46: =IF(Inicial!L46="SI",Inicial!F46,"N/A") -> N/A | G46: =IF(Inicial!L46="SI",Inicial!G46,"N/A") -> N/A | H46: =IF(Inicial!L46="SI",Inicial!H46,"N/A") -> N/A | I46: =IF(Inicial!L46="SI",Inicial!I46,"N/A") -> N/A | AF46: {=IF(OR(M46:AE46="NO"),"No aceptable","Aceptable")} -> Aceptable | BC46: {=IF(OR(AJ46:BB46="SI"),"Critico","No Critico")} -> No Critico
A47: =Inicial!A47 -> 45 | B47: =Inicial!B47 -> Desposte | C47: =Inicial!C47 -> Operador Línea Chuletas | D47: =Inicial!D47 -> Deshuesado | E47: =IF(Inicial!L47="SI",Inicial!E47,"N/A") -> N/A | F47: =IF(Inicial!L47="SI",Inicial!F47,"N/A") -> N/A | G47: =IF(Inicial!L47="SI",Inicial!G47,"N/A") -> N/A | H47: =IF(Inicial!L47="SI",Inicial!H47,"N/A") -> N/A | I47: =IF(Inicial!L47="SI",Inicial!I47,"N/A") -> N/A | AF47: {=IF(OR(M47:AE47="NO"),"No aceptable","Aceptable")} -> Aceptable | BC47: {=IF(OR(AJ47:BB47="SI"),"Critico","No Critico")} -> No Critico
A48: =Inicial!A48 -> 46 | B48: =Inicial!B48 -> Desposte | C48: =Inicial!C48 -> Operador Línea Chuletas | D48: =Inicial!D48 -> Abastecer línea | E48: =IF(Inicial!L48="SI",Inicial!E48,"N/A") -> N/A | F48: =IF(Inicial!L48="SI",Inicial!F48,"N/A") -> N/A | G48: =IF(Inicial!L48="SI",Inicial!G48,"N/A") -> N/A | H48: =IF(Inicial!L48="SI",Inicial!H48,"N/A") -> N/A | I48: =IF(Inicial!L48="SI",Inicial!I48,"N/A") -> N/A | AF48: {=IF(OR(M48:AE48="NO"),"No aceptable","Aceptable")} -> Aceptable | BC48: {=IF(OR(AJ48:BB48="SI"),"Critico","No Critico")} -> No Critico
A49: =Inicial!A49 -> 47 | B49: =Inicial!B49 -> Desposte | C49: =Inicial!C49 -> Operador Línea Chuletas | D49: =Inicial!D49 -> Rayar MM Loin | E49: =IF(Inicial!L49="SI",Inicial!E49,"N/A") -> N/A | F49: =IF(Inicial!L49="SI",Inicial!F49,"N/A") -> N/A | G49: =IF(Inicial!L49="SI",Inicial!G49,"N/A") -> N/A | H49: =IF(Inicial!L49="SI",Inicial!H49,"N/A") -> N/A | I49: =IF(Inicial!L49="SI",Inicial!I49,"N/A") -> N/A | AF49: {=IF(OR(M49:AE49="NO"),"No aceptable","Aceptable")} -> Aceptable | BC49: {=IF(OR(AJ49:BB49="SI"),"Critico","No Critico")} -> No Critico
A50: =Inicial!A50 -> 48 | B50: =Inicial!B50 -> Desposte | C50: =Inicial!C50 -> Operador Línea Chuletas | D50: =Inicial!D50 -> Abrir Lomo | E50: =IF(Inicial!L50="SI",Inicial!E50,"N/A") -> N/A | F50: =IF(Inicial!L50="SI",Inicial!F50,"N/A") -> N/A | G50: =IF(Inicial!L50="SI",Inicial!G50,"N/A") -> N/A | H50: =IF(Inicial!L50="SI",Inicial!H50,"N/A") -> N/A | I50: =IF(Inicial!L50="SI",Inicial!I50,"N/A") -> N/A | AF50: {=IF(OR(M50:AE50="NO"),"No aceptable","Aceptable")} -> Aceptable | BC50: {=IF(OR(AJ50:BB50="SI"),"Critico","No Critico")} -> No Critico
A51: =Inicial!A51 -> 49 | B51: =Inicial!B51 -> Desposte | C51: =Inicial!C51 -> Operador Línea Chuletas | D51: =Inicial!D51 -> Extraer Cordon (Whizard) | E51: =IF(Inicial!L51="SI",Inicial!E51,"N/A") -> N/A | F51: =IF(Inicial!L51="SI",Inicial!F51,"N/A") -> N/A | G51: =IF(Inicial!L51="SI",Inicial!G51,"N/A") -> N/A | H51: =IF(Inicial!L51="SI",Inicial!H51,"N/A") -> N/A | I51: =IF(Inicial!L51="SI",Inicial!I51,"N/A") -> N/A | AF51: {=IF(OR(M51:AE51="NO"),"No aceptable","Aceptable")} -> Aceptable | BC51: {=IF(OR(AJ51:BB51="SI"),"Critico","No Critico")} -> No Critico
A52: =Inicial!A52 -> 50 | B52: =Inicial!B52 -> Desposte | C52: =Inicial!C52 -> Operador Línea Chuletas | D52: =Inicial!D52 -> Prolijado Whizard (grasa) | E52: =IF(Inicial!L52="SI",Inicial!E52,"N/A") -> N/A | F52: =IF(Inicial!L52="SI",Inicial!F52,"N/A") -> N/A | G52: =IF(Inicial!L52="SI",Inicial!G52,"N/A") -> N/A | H52: =IF(Inicial!L52="SI",Inicial!H52,"N/A") -> N/A | I52: =IF(Inicial!L52="SI",Inicial!I52,"N/A") -> N/A | AF52: {=IF(OR(M52:AE52="NO"),"No aceptable","Aceptable")} -> Aceptable | BC52: {=IF(OR(AJ52:BB52="SI"),"Critico","No Critico")} -> No Critico
A53: =Inicial!A53 -> 51 | B53: =Inicial!B53 -> Desposte | C53: =Inicial!C53 -> Operador Línea Chuletas | D53: =Inicial!D53 -> Prolijado mm loin con cuchillo | E53: =IF(Inicial!L53="SI",Inicial!E53,"N/A") -> N/A | F53: =IF(Inicial!L53="SI",Inicial!F53,"N/A") -> N/A | G53: =IF(Inicial!L53="SI",Inicial!G53,"N/A") -> N/A | H53: =IF(Inicial!L53="SI",Inicial!H53,"N/A") -> N/A | I53: =IF(Inicial!L53="SI",Inicial!I53,"N/A") -> N/A | AF53: {=IF(OR(M53:AE53="NO"),"No aceptable","Aceptable")} -> Aceptable | BC53: {=IF(OR(AJ53:BB53="SI"),"Critico","No Critico")} -> No Critico
A54: =Inicial!A54 -> 52 | B54: =Inicial!B54 -> Desposte | C54: =Inicial!C54 -> Operador Línea Chuletas | D54: =Inicial!D54 -> Prolijado lomo 27 | E54: =IF(Inicial!L54="SI",Inicial!E54,"N/A") -> N/A | F54: =IF(Inicial!L54="SI",Inicial!F54,"N/A") -> N/A | G54: =IF(Inicial!L54="SI",Inicial!G54,"N/A") -> N/A | H54: =IF(Inicial!L54="SI",Inicial!H54,"N/A") -> N/A | I54: =IF(Inicial!L54="SI",Inicial!I54,"N/A") -> N/A | AF54: {=IF(OR(M54:AE54="NO"),"No aceptable","Aceptable")} -> Aceptable | BC54: {=IF(OR(AJ54:BB54="SI"),"Critico","No Critico")} -> No Critico
A55: =Inicial!A55 -> 53 | B55: =Inicial!B55 -> Desposte | C55: =Inicial!C55 -> Operador Línea Chuletas | D55: =Inicial!D55 -> Prolijado lomo tecla | E55: =IF(Inicial!L55="SI",Inicial!E55,"N/A") -> N/A | F55: =IF(Inicial!L55="SI",Inicial!F55,"N/A") -> N/A | G55: =IF(Inicial!L55="SI",Inicial!G55,"N/A") -> N/A | H55: =IF(Inicial!L55="SI",Inicial!H55,"N/A") -> N/A | I55: =IF(Inicial!L55="SI",Inicial!I55,"N/A") -> N/A | AF55: {=IF(OR(M55:AE55="NO"),"No aceptable","Aceptable")} -> Aceptable | BC55: {=IF(OR(AJ55:BB55="SI"),"Critico","No Critico")} -> No Critico
A56: =Inicial!A56 -> 54 | B56: =Inicial!B56 -> Desposte | C56: =Inicial!C56 -> Operador Línea Chuletas | D56: =Inicial!D56 -> Alimentador Freund | E56: =IF(Inicial!L56="SI",Inicial!E56,"N/A") -> N/A | F56: =IF(Inicial!L56="SI",Inicial!F56,"N/A") -> N/A | G56: =IF(Inicial!L56="SI",Inicial!G56,"N/A") -> N/A | H56: =IF(Inicial!L56="SI",Inicial!H56,"N/A") -> N/A | I56: =IF(Inicial!L56="SI",Inicial!I56,"N/A") -> N/A | AF56: {=IF(OR(M56:AE56="NO"),"No aceptable","Aceptable")} -> Aceptable | BC56: {=IF(OR(AJ56:BB56="SI"),"Critico","No Critico")} -> No Critico
A57: =Inicial!A57 -> 55 | B57: =Inicial!B57 -> Desposte | C57: =Inicial!C57 -> Operador Línea Chuletas | D57: =Inicial!D57 -> Recibir Hueso | E57: =IF(Inicial!L57="SI",Inicial!E57,"N/A") -> N/A | F57: =IF(Inicial!L57="SI",Inicial!F57,"N/A") -> N/A | G57: =IF(Inicial!L57="SI",Inicial!G57,"N/A") -> N/A | H57: =IF(Inicial!L57="SI",Inicial!H57,"N/A") -> N/A | I57: =IF(Inicial!L57="SI",Inicial!I57,"N/A") -> N/A | AF57: {=IF(OR(M57:AE57="NO"),"No aceptable","Aceptable")} -> Aceptable | BC57: {=IF(OR(AJ57:BB57="SI"),"Critico","No Critico")} -> No Critico
... A72: =Inicial!A72 -> 70 | B72: =Inicial!B72 -> Desposte | C72: =Inicial!C72 -> Operador Línea paleta | D72: =Inicial!D72 -> Pistola Escapula | E72: =IF(Inicial!L72="SI",Inicial!E72,"N/A") -> N/A | F72: =IF(Inicial!L72="SI",Inicial!F72,"N/A") -> N/A | G72: =IF(Inicial!L72="SI",Inicial!G72,"N/A") -> N/A | H72: =IF(Inicial!L72="SI",Inicial!H72,"N/A") -> N/A | I72: =IF(Inicial!L72="SI",Inicial!I72,"N/A") -> N/A | AF72: {=IF(OR(M72:AE72="NO"),"No aceptable","Aceptable")} -> Aceptable | BC72: {=IF(OR(AJ72:BB72="SI"),"Critico","No Critico")} -> No Critico
A73: =Inicial!A73 -> 71 | B73: =Inicial!B73 -> Desposte | C73: =Inicial!C73 -> Operador Línea paleta | D73: =Inicial!D73 -> Deshuesado Escapula | E73: =IF(Inicial!L73="SI",Inicial!E73,"N/A") -> 06:30 14:50 / 17:30 a 02:50 | F73: =IF(Inicial!L73="SI",Inicial!F73,"N/A") -> 1 | G73: =IF(Inicial!L73="SI",Inicial!G73,"N/A") -> 6 | H73: =IF(Inicial!L73="SI",Inicial!H73,"N/A") -> 32 | I73: =IF(Inicial!L73="SI",Inicial!I73,"N/A") -> 0 | J73: NO | K73: SI | L73: SI | M73: SI | N73: NO | O73: SI | P73: SI | Q73: NO | R73: NO | S73: SI | T73: SI | AF73: {=IF(OR(AD73:AE73="NO"),"No aceptable","Aceptable")} -> Aceptable | BC73: {=IF(OR(AJ73:BB73="SI"),"Critico","No Critico")} -> No Critico
A74: =Inicial!A74 -> 72 | B74: =Inicial!B74 -> Desposte | C74: =Inicial!C74 -> Operador Línea paleta | D74: =Inicial!D74 -> Deshuesado Humero | E74: =IF(Inicial!L74="SI",Inicial!E74,"N/A") -> N/A | F74: =IF(Inicial!L74="SI",Inicial!F74,"N/A") -> N/A | G74: =IF(Inicial!L74="SI",Inicial!G74,"N/A") -> N/A | H74: =IF(Inicial!L74="SI",Inicial!H74,"N/A") -> N/A | I74: =IF(Inicial!L74="SI",Inicial!I74,"N/A") -> N/A | AF74: {=IF(OR(M74:AE74="NO"),"No aceptable","Aceptable")} -> Aceptable | AG74: NO | AH74: NO | AI74: NO | AJ74: NO | AK74: NO | AL74: SI | AM74: NO | AN74: NO | AO74: NO | AP74: NO | AQ74: NO | AR74: NO | AS74: NO | AT74: NO | AU74: NO | AV74: NO | AW74: NO | AX74: NO | AY74: NO | AZ74: NO | BA74: NO | BB74: NO | BC74: {=IF(OR(AJ74:BB74="SI"),"Critico","No Critico")} -> Critico
A75: =Inicial!A75 -> 73 | B75: =Inicial!B75 -> Desposte | C75: =Inicial!C75 -> Operador Línea paleta | D75: =Inicial!D75 -> Embolsado | E75: =IF(Inicial!L75="SI",Inicial!E75,"N/A") -> N/A | F75: =IF(Inicial!L75="SI",Inicial!F75,"N/A") -> N/A | G75: =IF(Inicial!L75="SI",Inicial!G75,"N/A") -> N/A | H75: =IF(Inicial!L75="SI",Inicial!H75,"N/A") -> N/A | I75: =IF(Inicial!L75="SI",Inicial!I75,"N/A") -> N/A | AF75: {=IF(OR(M75:AE75="NO"),"No aceptable","Aceptable")} -> Aceptable | BC75: {=IF(OR(AJ75:BB75="SI"),"Critico","No Critico")} -> No Critico
A76: =Inicial!A76 -> 74 | B76: =Inicial!B76 -> Desposte | C76: =Inicial!C76 -> Operador Línea paleta | D76: =Inicial!D76 -> Prolijado | E76: =IF(Inicial!L76="SI",Inicial!E76,"N/A") -> N/A | F76: =IF(Inicial!L76="SI",Inicial!F76,"N/A") -> N/A | G76: =IF(Inicial!L76="SI",Inicial!G76,"N/A") -> N/A | H76: =IF(Inicial!L76="SI",Inicial!H76,"N/A") -> N/A | I76: =IF(Inicial!L76="SI",Inicial!I76,"N/A") -> N/A | AF76: {=IF(OR(M76:AE76="NO"),"No aceptable","Aceptable")} -> Aceptable | BC76: {=IF(OR(AJ76:BB76="SI"),"Critico","No Critico")} -> No Critico
A77: =Inicial!A77 -> 75 | B77: =Inicial!B77 -> Desposte | C77: =Inicial!C77 -> Operador LíneaVetado | D77: =Inicial!D77 -> Abastecer máquina | E77: =IF(Inicial!L77="SI",Inicial!E77,"N/A") -> N/A | F77: =IF(Inicial!L77="SI",Inicial!F77,"N/A") -> N/A | G77: =IF(Inicial!L77="SI",Inicial!G77,"N/A") -> N/A | H77: =IF(Inicial!L77="SI",Inicial!H77,"N/A") -> N/A | I77: =IF(Inicial!L77="SI",Inicial!I77,"N/A") -> N/A | AF77: {=IF(OR(M77:AE77="NO"),"No aceptable","Aceptable")} -> Aceptable | BC77: {=IF(OR(AJ77:BB77="SI"),"Critico","No Critico")} -> No Critico
A78: =Inicial!A78 -> 76 | B78: =Inicial!B78 -> Desposte | C78: =Inicial!C78 -> Operador LíneaVetado | D78: =Inicial!D78 -> Punta Costilla | E78: =IF(Inicial!L78="SI",Inicial!E78,"N/A") -> N/A | F78: =IF(Inicial!L78="SI",Inicial!F78,"N/A") -> N/A | G78: =IF(Inicial!L78="SI",Inicial!G78,"N/A") -> N/A | H78: =IF(Inicial!L78="SI",Inicial!H78,"N/A") -> N/A | I78: =IF(Inicial!L78="SI",Inicial!I78,"N/A") -> N/A | AF78: {=IF(OR(M78:AE78="NO"),"No aceptable","Aceptable")} -> Aceptable | BC78: {=IF(OR(AJ78:BB78="SI"),"Critico","No Critico")} -> No Critico
A79: =Inicial!A79 -> 77 | B79: =Inicial!B79 -> Desposte | C79: =Inicial!C79 -> Operador LíneaVetado | D79: =Inicial!D79 -> Hueso Externón | E79: =IF(Inicial!L79="SI",Inicial!E79,"N/A") -> N/A | F79: =IF(Inicial!L79="SI",Inicial!F79,"N/A") -> N/A | G79: =IF(Inicial!L79="SI",Inicial!G79,"N/A") -> N/A | H79: =IF(Inicial!L79="SI",Inicial!H79,"N/A") -> N/A | I79: =IF(Inicial!L79="SI",Inicial!I79,"N/A") -> N/A | AF79: {=IF(OR(M79:AE79="NO"),"No aceptable","Aceptable")} -> Aceptable | BC79: {=IF(OR(AJ79:BB79="SI"),"Critico","No Critico")} -> No Critico
A80: =Inicial!A80 -> 78 | B80: =Inicial!B80 -> Desposte | C80: =Inicial!C80 -> Operador LíneaVetado | D80: =Inicial!D80 -> Costillita | E80: =IF(Inicial!L80="SI",Inicial!E80,"N/A") -> N/A | F80: =IF(Inicial!L80="SI",Inicial!F80,"N/A") -> N/A | G80: =IF(Inicial!L80="SI",Inicial!G80,"N/A") -> N/A | H80: =IF(Inicial!L80="SI",Inicial!H80,"N/A") -> N/A | I80: =IF(Inicial!L80="SI",Inicial!I80,"N/A") -> N/A | AF80: {=IF(OR(M80:AE80="NO"),"No aceptable","Aceptable")} -> Aceptable | BC80: {=IF(OR(AJ80:BB80="SI"),"Critico","No Critico")} -> No Critico
A81: =Inicial!A81 -> 79 | B81: =Inicial!B81 -> Desposte | C81: =Inicial!C81 -> Operador LíneaVetado | D81: =Inicial!D81 -> Prolijado de Papada | E81: =IF(Inicial!L81="SI",Inicial!E81,"N/A") -> N/A | F81: =IF(Inicial!L81="SI",Inicial!F81,"N/A") -> N/A | G81: =IF(Inicial!L81="SI",Inicial!G81,"N/A") -> N/A | H81: =IF(Inicial!L81="SI",Inicial!H81,"N/A") -> N/A | I81: =IF(Inicial!L81="SI",Inicial!I81,"N/A") -> N/A | AF81: {=IF(OR(M81:AE81="NO"),"No aceptable","Aceptable")} -> Aceptable | BC81: {=IF(OR(AJ81:BB81="SI"),"Critico","No Critico")} -> No Critico
A82: =Inicial!A82 -> 80 | B82: =Inicial!B82 -> Desposte | C82: =Inicial!C82 -> Operador LíneaVetado | D82: =Inicial!D82 -> Ganglios | E82: =IF(Inicial!L82="SI",Inicial!E82,"N/A") -> N/A | F82: =IF(Inicial!L82="SI",Inicial!F82,"N/A") -> N/A | G82: =IF(Inicial!L82="SI",Inicial!G82,"N/A") -> N/A | H82: =IF(Inicial!L82="SI",Inicial!H82,"N/A") -> N/A | I82: =IF(Inicial!L82="SI",Inicial!I82,"N/A") -> N/A | AF82: {=IF(OR(M82:AE82="NO"),"No aceptable","Aceptable")} -> Aceptable | BC82: {=IF(OR(AJ82:BB82="SI"),"Critico","No Critico")} -> No Critico
A83: =Inicial!A83 -> 81 | B83: =Inicial!B83 -> Desposte | C83: =Inicial!C83 -> Operador LíneaVetado | D83: =Inicial!D83 -> Deshuesado de Chuleta | E83: =IF(Inicial!L83="SI",Inicial!E83,"N/A") -> N/A | F83: =IF(Inicial!L83="SI",Inicial!F83,"N/A") -> N/A | G83: =IF(Inicial!L83="SI",Inicial!G83,"N/A") -> N/A | H83: =IF(Inicial!L83="SI",Inicial!H83,"N/A") -> N/A | I83: =IF(Inicial!L83="SI",Inicial!I83,"N/A") -> N/A | AF83: {=IF(OR(M83:AE83="NO"),"No aceptable","Aceptable")} -> Aceptable | BC83: {=IF(OR(AJ83:BB83="SI"),"Critico","No Critico")} -> No Critico
A84: =Inicial!A84 -> 82 | B84: =Inicial!B84 -> Desposte | C84: =Inicial!C84 -> Operador LíneaVetado | D84: =Inicial!D84 -> Embalado de hueso | E84: =IF(Inicial!L84="SI",Inicial!E84,"N/A") -> N/A | F84: =IF(Inicial!L84="SI",Inicial!F84,"N/A") -> N/A | G84: =IF(Inicial!L84="SI",Inicial!G84,"N/A") -> N/A | H84: =IF(Inicial!L84="SI",Inicial!H84,"N/A") -> N/A | I84: =IF(Inicial!L84="SI",Inicial!I84,"N/A") -> N/A | AF84: {=IF(OR(M84:AE84="NO"),"No aceptable","Aceptable")} -> Aceptable | BC84: {=IF(OR(AJ84:BB84="SI"),"Critico","No Critico")} -> No Critico
A85: =Inicial!A85 -> 83 | B85: =Inicial!B85 -> Desposte | C85: =Inicial!C85 -> Operador LíneaVetado | D85: =Inicial!D85 -> extracción Cinta de Despunte | E85: =IF(Inicial!L85="SI",Inicial!E85,"N/A") -> N/A | F85: =IF(Inicial!L85="SI",Inicial!F85,"N/A") -> N/A | G85: =IF(Inicial!L85="SI",Inicial!G85,"N/A") -> N/A | H85: =IF(Inicial!L85="SI",Inicial!H85,"N/A") -> N/A | I85: =IF(Inicial!L85="SI",Inicial!I85,"N/A") -> N/A | AF85: {=IF(OR(M85:AE85="NO"),"No aceptable","Aceptable")} -> Aceptable | BC85: {=IF(OR(AJ85:BB85="SI"),"Critico","No Critico")} -> No Critico
A86: =Inicial!A86 -> 84 | B86: =Inicial!B86 -> Desposte | C86: =Inicial!C86 -> Operador LíneaVetado | D86: =Inicial!D86 -> Prolijado Cartilago Hueso | E86: =IF(Inicial!L86="SI",Inicial!E86,"N/A") -> N/A | F86: =IF(Inicial!L86="SI",Inicial!F86,"N/A") -> N/A | G86: =IF(Inicial!L86="SI",Inicial!G86,"N/A") -> N/A | H86: =IF(Inicial!L86="SI",Inicial!H86,"N/A") -> N/A | I86: =IF(Inicial!L86="SI",Inicial!I86,"N/A") -> N/A | AF86: {=IF(OR(M86:AE86="NO"),"No aceptable","Aceptable")} -> Aceptable | BC86: {=IF(OR(AJ86:BB86="SI"),"Critico","No Critico")} -> No Critico
... A91: =Inicial!A91 -> 89 | B91: =Inicial!B91 -> Desposte | C91: =Inicial!C91 -> Operador Linea Piernas | D91: =Inicial!D91 -> Exraer Pernil | E91: =IF(Inicial!L91="SI",Inicial!E91,"N/A") -> N/A | F91: =IF(Inicial!L91="SI",Inicial!F91,"N/A") -> N/A | G91: =IF(Inicial!L91="SI",Inicial!G91,"N/A") -> N/A | H91: =IF(Inicial!L91="SI",Inicial!H91,"N/A") -> N/A | I91: =IF(Inicial!L91="SI",Inicial!I91,"N/A") -> N/A | AF91: {=IF(OR(M91:AE91="NO"),"No aceptable","Aceptable")} -> Aceptable | BC91: {=IF(OR(AJ91:BB91="SI"),"Critico","No Critico")} -> No Critico
